Allele,1pA,1pB,1pC,1pD,1qA,1qB,1qC,1qD,2pA,2pB,2pC,2qA,2qB,2qC,2qD,2qE,3pA,3pB,3pC,3qA,3qB,3qC,4pA,4pB,4qA,4qB,4qC,4qD,5pA,5pB,5qA,5qB,5qC,5qD,6pA,6pB,6qA,6qB,6qC,6qD,7pA,7pB,7pC,7qA,7qB,7qC,8pA,8pB,8qA,8qB,8qC,9pA,9pB,9qA,9qB,9qC,10pA,10pB,10qA,10qB,10qC,11pA,11pB,11qA,11qB,11qC,12pA,12pB,12qA,12qB,12qC,13qA,13qB,13qC,13qD,14qA,14qB,14qC,14qD,15qA,15qB,15qC,15qD,16pA,16pB,16qA,16qB,17pA,17qA,17qB,17qC,18pA,18qA,18qB,18qC,19pA,19pB,19qA,19qB,20pA,20pB,20qA,20qB,21qA,21qB,22qA,22qB
ACGC,0.2306163,,,,,,,,,,,,,,,,,,,,,,,,,,,,,,,,,,,,,,,,,,,,,,,,,,,,,,,,,,,,,,,,,,,,,,,,,,,,,,,,,,,,,,,,,,,,,,,,,,,,,,,,,,
ACGG,0.02485089,,,,,,,,,,,,,,,,,,,,,,,,,,,,,,,,,,,,,,,,,,,,,,,,,,,,,,,,,,,,,,,,,,,,,,,1.00E-08,,,,,,,,,,,,,,,,,,,,,,,,,,,,,,,,,,0.02584493,
ATGC,0.04373757,,,,,,,,,,,,,,,,,,,,,,,,,,,,,,,,,,,,,,,,,,,,,,,,,,,,,,,,,,,,,,,,1.00E-08,,,,,,,,,,,,,,,,,,,,,,,,,,,,,,,,,,,,,,,,,,
ATGG,1.00E-08,,,,,,,,,,,,,,,,,,,,,,,,,,,,,,,,,,,,,,,,,,,,,,,,,,,,,,,,,,,,,,,,,,0.01292247,,,,,0.19880716,,,,,,,,,,,,,,,,,,,,,,,,,,,,,,,,,,0.17693837,
GCCG,0.35685885,,,,,,,,,,,,,,,,,,,,,,,,,,,,,,,,,,,,,,,,,,,,,,,,,,,,,,,,,,,,,,,,,,,,,,,,,,,,,,,,,,,,,,,,,,,,,,,,,,,,,,,,,,
GCGC,1.00E-08,,,,,,,,,,,,,,,,,,,,,,,,,,,,,,,,,,,,,1.00E-08,,,,,,,,,,,,,,,,,,,,,,,,,,,,,,,,,0.30715706,,,,,,,,,,,,,,,,,,,,1.00E-08,,,,,,,,,,,,,,,,
GCGG,0.34393638,,,,,,,,,,0.21570577,,,,,,,,,,,,,,,,,,,,,,,,,,,0.1361829,,,,,,,,,,,,,,,,,,,,,,,,,,,,,,,,,,,,,,,,,,,,,,,,,,,,,,,,,,,,,,,,,,,,,
GTGC,1.00E-08,,,,,,,,,,,,,,,,,,,,,,,,,,,,,,,,,,,,,,,,,,,,,,,,,,,,1.00E-08,,,,,,,,,,,,0.44930417,,,,,,,,,,,,,,,,,,,,,,,,,,,,,,,,,,,,,,,,,,
GTGG,1.00E-08,,,,,,,,,,,,,,,,,,0.07753479,,,,,,,,,,,,,,,,,,,0.42743539,,,,,,,,,,,,,,,,,,,,,,,,,,,,,,,,,,0.02584493,,,,,,,,,,,,,,,,,,,,,,,,,,,,,,,,0.27137177,,,
AAC,,0.44532803,,,,,0.30318091,,,,,,,,,,,,,,,,,,,,,,,,,,,,,,,,,,,,,,,,,,0.08548708,,,,,,,,,,,,,,,,,0.49005964,,,,,,,,,,,,,,,,,,,,,,,,,,,,,,,,,,,,,,,,,
AGA,,0.1500994,,,,,,,,,,,,,,,,,,,,,,,,,,,,,,,,,,,,,,,,,,,,,,,,,,,,,,,,,0.18687873,0.1610338,,,,,,,,,1.00E-08,,,,,,,,,,,,,,,,,,,,,,,,,,,,,,0.17296223,,1.00E-08,,,,,,
AGC,,0.19085487,,,,,,,,,,,,,,,,,,,,,,,,,,,,,,,,,,,,,,,,,,,,,,,,,,,,,,,,,,,,,,,,0.34890656,,,,,,,,,,,,,,,,,,,,,,,,0.19085487,,,,,,,,,,,,,,,,,
TAC,,0.00099404,,,,,0.15606362,,,,,,,,,,,,,,,,,,,,,,,,,,1.00E-08,,,,,,,,,,,,,,,,,,,,,,,,,,,,,,,,,,,,,,,,,,,,,,,,,,,,,,,,,,,,,0.42743539,,,,,,,,0.34194831,,,0.61630219,,
TGA,,0.21073559,,,,,0.04373757,,,,,,,,,,,,,,,,,,,0.13021869,,,,,,,,,,,,,,,,,,,,,,,,,,,,,,,0.06163022,0.57753479,,,,,,,,,,0.14811133,,,,,,,,,,,,,,,,,,,,,,,,,,,,,,,,,,,,,,,
TGC,,0.00198807,,,,,,,,,,,,,,,,,,,,,,0.07355865,,,,,,,,,0.00397614,,,,,,,,,,,,,,,,,,,,,0.13717694,,,,,,,,,,,,,,,,,,,,,,,,,,,,,,,,0.37475149,,,,,,,,,,,,,,,,,,,0.08846918,,
GAG,,,0.02286282,,,,,,,,,,0.04671968,,,0.3111332,,,,,,,,,,,,,,,,,,0.19483101,,,,,,,,,,,,,,,,,,,,,,,,,,,,,,,,,,,,,,,,,,,,,0.00198807,,,,,,,,,,,,,,0.0944334,,,,,,,,,,,,,,
GGG,,,1.00E-08,,,,,,,,,,,,0.19880716,0.00198807,,,,,,,,,,,,,,,,,,0.3359841,,,,,,,,,,,,,,,,,,,,0.18489066,,,,,,,,,,,,,,,0.31510934,,,,,,,,,,,,0.00497018,,,,,,,,,,,,,,,,,,0.20775348,,,,,,,,
GGT,,,1.00E-08,,,,,,,,,,,,,,,,,,,,,,,,,,,,,,,,,,,,,,,,,,,,,,,,,,,,,,,,,,,,,,,1.00E-08,,0.14015905,,,,,,,,,,,,,,,,,,0.10039761,0.19880716,,,0.01491054,,,,,,,,,,,,,,,,,
TAG,,,0.27236581,,,,,0.24552684,,,,,,,,,,,,,,,,,,,,,,,,,,,,0.19582505,,,,,,,,,,,,,,,,,,,,,0.30516899,0.027833,,,,,,,,,,,,,,,,,,,,0.16600398,1.00E-08,,,,,,,,,,,,,,,,,,,,,,,,,,,,
TAT,,,1.00E-08,,,,,,,,,,,,,,,,,,,,,,,,,,,,,,,,,,,,,,,,,,,,,,,,,,,,,,,,,,,,,,,,,0.20377734,,,,,,,,,,,0.38469185,,,,,,,,,,,,,,,,,,,,,,,,,,0.25745527,,
TGG,,,0.46819085,,,,,,,,,,,0.1749503,,,,,,,,,,,,,,,,,,,,,,,,,,,,,,,,,,,,,,,,,,,0.47017893,0.35387674,,,,,,,,,,,,,,,,,,,,0.15109344,,,0.16500994,,,,,,,,,,,,,,,0.08349901,,,,,,,,,,,
TGT,,,0.23658052,,,,,,,,,,,,,,,,,,,,,,,,,,,,,,0.14314115,,,,,,,,,,,,,,,,,,,,,,,,,,,,,,,,,,,0.50795229,,,,,,,,,,,,,,,,,,0.48111332,,,,,,,,,,,,,,,,,,,,,
CCA,,,,0.20178926,,,,,,,,,,,,,,,,,,,,,,,,,,,,,,,0.27037773,,,,,,,,,,0.09045726,,,,,,,,,,,,,,,,,,,,,,,,,,,,,,,,0.04771372,,,,,,,,,,,0.00298211,,,,,,,,,,,,,,,,,,,
CCC,,,,0.35188867,,,,,,,,,,,,,,,,,,,,,,,,,,,,,,,,,1.00E-08,,,,,,,,,,,,,,,,,,,,,,,,,,,,,,,,,,,,,,,,0.28827038,,,,,,,,,,,0.00099404,,,,,,,,,,,,,,,,,,,
CTA,,,,0.01988072,,,,,,,,,,,,,,,,,,,,,,,,,,,,,,,,,,,,,,,,,,,,,,,,,,,,,,,,,,,,,,,,,,,,,,,,,,,,,,,,,,,,0.24751491,,,,,,,,,,,,,,,,,,,
CTC,,,,0.08449304,,,,,,,,,,,,,,,,,,,,,,,,,,,,,,,,,,,0.42445328,,,,,,,,,,,,,,,,,,,,,,,,,,,,,,,,,,,,,,,,,,,,,,,,,0.02087475,,,,,,,,,,,,,,,,,,,
TCA,,,,0.00298211,,,,,,,,,,,,,,,,,,,,,,,,,,,,,,,,,,,,,,,,,0.15904573,,,,,,,,,,,,,,,,0.11431412,,,,,,,,,,,,,,,,,,,,,,,,,,,0.12823062,,,,,,,,1.00E-08,,,,,0.22564612,,,,,,
TCC,,,,0.0139165,,,,,,,,,,,,,,,,,,,,,,,,,,,,,,,,,,,,,,,,,,,,,,,,,,0.22763419,,,,,,,,,,,,,,,,,,,,,,0.29324056,,,,,,,,,,,,0.35188867,,,,,,,,,,,,,,,,,,,
TTA,,,,0.1332008,,,,,,,,,,,,,,,,,,,,,,,,,,,,,,,,,,,,,,,,,,,,,,,,,,,,,,,,,0.39662028,,,,,,,,,,,,,,,,,,,,,,,,,,,0.00198807,,,,,,,,,,,,,,,,,,,
TTC,,,,0.19184891,,,,,,,,,,,,,,,,,,,,,,,,,,,,,,,,,,,,,,,,,,,,,,,,,,,,,,,,,,,,,,,,,,,,,,,,,,,,,,,,,,,,0.24552684,,,,,,,,,,,,,,,,,,,
AG,,,,,0.50994036,,,,,,,,,,,,,,,,,,,,,,,,,,,,,,,,,,,,,,,,,,,,,,,,,,,,,,,,,,,,,,,,,,,,,,,,,,,,,,,,,,,,,,,,,,,,,,,,,,,,,,
GA,,,,,0.32604374,,,,,,,,,,,,,,,,,,,,,,,,,,,,,,,,,,,,,,,,,,,,,,,,,,,,,,,,,,,,,,,,,,,,,,,,,,,,,,,,,,,,,,,,,,,,,,,,,,,,,,
GG,,,,,0.1640159,,,,,,,,,,,,,,,,,,,,,,,,,,,,,,,,,,,,,,,,,,,,,,,,,,,,,,,,,,,,,,,,,,,,,,,,,,,,,,,,,,,,,,,,,,,,,,,,,,,,,,
CGAC,,,,,,0.18787276,,,,,,,,,,,,,,,,,,,,,,,,,,,,,,,,,,,,,,,,,,,,,,,,,,,,,,,,,,,,,,,,,,,,,,,,,,,,,,,,,,,,,1.00E-08,,,,,,,,,,,,,,,,
CGGC,,,,,,0.46421471,,,,,,,,,,,,,,,,,,,,,,,,,,,,,,,,,,,,,,,,,,,,,,,,,,,,,,,,,,,,,,,,,,,,,,,,,,,,,,,,,,,,,,,,,,,,,,,,,,,,,
TCGC,,,,,,0.16302187,,,,,,,,,,,,,,,,,,,,,,,,,,1.00E-08,,,,,,,,,,,,,,,,,,,,,0.34095427,,,,,,,,,,,,,,,,,,,,,,,,,,,,,,,,,,,,,,,,,,,,,0.21371769,,,,,0.26043738,,,,
TCGT,,,,,,0.1749503,,,0.0139165,,,,,,,,,,,,,,,,,,,,,,0.39363817,,,,,,,,,,,,,,,,,,,,,,0.42246521,,,,,,,,,,,,,,,,,,,,,,,,,,,,,,,,,,,,,,,,,,,,,,,,,,1.00E-08,,,,
TGGC,,,,,,0.00994036,,,,,,,,,,,,,,,,,,,,,0.00596421,,,,,,,,,,,,,,,0.00099404,,,,,,,,,,,,,,,,,,,,,,,,,,,,,,,,0.38170974,,,,,,,,,,,,,,,,,,,,,,,,,,,,,,,,,
GAC,,,,,,,0.30516899,,,,,,,,,,,,,,,,,,,,,,,,,,,,,,,,,,,,,,,,,,,,,,,,,,,,,,,,,,,1.00E-08,,,,,,,,,,,,,,,,,,,,,,,,,,,,0.12524851,,,,,,,,0.05765408,,,,,
TAA,,,,,,,0.19184891,,,,,,,,,,,,,,,,,,,1.00E-08,,,,,,,,,,0.17594433,,,,,,,,,0.00198807,,,,,,,,,,,,,1.00E-08,,,,,,,,,,,,,,,,,,,,0.16003976,,,1.00E-08,,,,,,,,,,,,,,,,,,,,,,,,,,
CAA,,,,,,,,0.35089463,,,,,,,,,,,,,,,,,,0.29821074,,,,,,,,,,0.38767396,,,,,,,,,0.3250497,,,,,,,,,,,,,,,,,,,,,,,,,,,,,,,,,,,,,,,,,,,,,,,,,,,,,,,,,,,,,,
CAG,,,,,,,,0.18588469,,,,,,,,0.15705765,,,,,,,,0.35487078,,,,,,,,,,,,,,,,,,,,,0.42345924,,,,,,,,,,,,,0.04075547,,,,,,,,,,,,,,,,,,,,0.52286282,,,,,,,,,,,,,,,,,,,,,,,,,,,,,
CGA,,,,,,,,0.21471173,,,,,,,,,,,,,,,,,,0.12127237,,,,,,,,,,0.24055666,,,,,,,,,,,,,,,,,,,,,,,,,,,,,,,,,,,,,,,,,,,,,,,,,,,,,,,,,,,,0.66998012,,,,,,,,,,,
CGG,,,,,,,,0.00298211,,,,,,,,0.26441352,,,,,,,,,,0.45029821,,,,,,,,,,,,,,,,,,,,,,,,,,,,,,,,1.00E-08,0.23757455,,,,,,,,,,,,,,,,,,,,,,,,,,,,,,,,,,,,,0.12624254,,,,,,,,,,,
AAGA,,,,,,,,,0.10636183,,,,,,,,,,,,,,,,,,,,,,,,,,,,,,,,0.20377734,,,,,,,,,,,,,,,,,,,,,,,,,,,,,,,,,,,,,,,,,,,,,,,,,,,,,,,,,,,,,,,,,,
TAAT,,,,,,,,,0.39065606,,,,,,,,,,,,,,,,,,,,,,,,,,,,,,,,,0.00298211,,,,,,,,,,,,,,,,,,,,,,,,,,,,,,,,,,,,,,,,,,,,,,,,,,,,,,,,,,,,,,,,,
TAGA,,,,,,,,,0.21371769,,,,,,,,,,,,,,,,,,,,,,,,,,,,,,,,,,,,,,,,,,,,,,,,,,,,,,,,,,,,,,,,,,,,,,,,,,,,,,,,,,,,,,,,,,,,,,,,,,
TAGT,,,,,,,,,0.00994036,,,,,,,,,,,,,,,,,,,,,,,,,,,,,,,,,0.12922465,,,,,,,,,,,,,,,,,,,,,,,,,,,,,,,,,,,,,,,,,,,,,,,,,,,,,,,,,,,,,,,,,
TCGA,,,,,,,,,0.26540755,,,,,,,,,,,,,,,,,,,,,,,,,,,,,,,,,,,,,,,,,,,,,,,,,,,,,,,,,,,,,,,,,,,,,,,,,,,,,,,,,,,,,,,,,,,,,,,,,,
AAA,,,,,,,,,,1.00E-08,,,0.42345924,,,,,,,,,,,,,,,,,,,,,,,,,,,,,,,,,,,,,,,,,,,,,,,,,,,,,,,,,,,,,,,,,,,,,,,,,,,,,,,,,,,,,,,,,,,,,,
ACA,,,,,,,,,,0.26838966,,,,0.38071571,,,,,,,0.42942346,,,,,,,,,,,,,,,,,,,,,,,,,,,,,,,,,,,,,,,,,,,,,,,,,,,,,,,,,,,,,,,,,,,,,,,,,,,,,,,,0.00198807,,,,,,
GAA,,,,,,,,,,0.25646123,,,,,,,,,,,,,,,,,,,,,,,,0.28926441,,,,,,,,,,,,,,,,,,,,,,,,,,,,,,,,,,,,,,,,,,,,,,,0.41749503,,,,,,,,,,,,0.11232604,,,,,,,,,0.12425447,,,,,
GCA,,,,,,,,,,0.23757455,,,,,0.21471173,,,,,,0.43141153,,,,,,,,,,,,,,1.00E-08,,,,,,,,,,,,,,,,,,,,,,,,,,0.08747515,,,,,,,,,,,,,,,,,,,,,,,,,,,,,,,,,,,,,,0.26143141,,,,,,,,
GCC,,,,,,,,,,0.23757455,,,,,,,,,,,0.01789264,,,,,,,,,,,,,,,,0.33101392,,,,,,,,,,,,,,,,,,,,,,,,,,,,,,,,,,,,,,,1.00E-08,,,,,,0.00994036,,,,,,,,0.00198807,,,,,,,,,,,,,,,,,
ACGT,,,,,,,,,,,0.19483101,,,,,,0.09642147,,,,,,,,,,,,,,,,,,,,,,,,,,,,,,,,,,,,,,,,,,,,,,,,0.06262425,,,,,,,,,,,,,,,,,,,,,,,,,,,,,,,,,,,,,,,,,,
GCGT,,,,,,,,,,,0.31709742,,,,,,,,,,,,,,,,,,,,,,,,,,,,,,,,,,,,,,,,,,,,,,,,,,,,,,,,,,,,1.00E-08,,,,,,,,,,,,,,,,,,,,0.25944334,,,,,,,,,,,,,,,,
GCTT,,,,,,,,,,,0.12127237,,,,,,,,,,,,,,,,,,,,,,,,,,,,,,,,,,,,,,,,,,,,,,,,,,,,,,,,,,,,,,,,,,,,,,,,,,,,,,,,,,,,,,,,,,,,,,,,
GTGT,,,,,,,,,,,0.15109344,,,,,,,,,,,,,,,,,,,,,,,,,,,,,,,,,,,,,,,,,,,,,,,,,,,,,,,,,,,,,,,,,,,,,,,,,,,,,,,,,,,,,,,,,,,,,,,,
CCAC,,,,,,,,,,,,0.22067594,,,,,,,,,,,,,,,,,,,,0.12127237,,,,,,,,,,,,,,,,,,,,,,,,,,,,,,,,,,,,,,,,,,,,,,,,,,,,,,,,,,,,,,,,,,0.48807157,,,,,1.00E-08,,,,
CCAG,,,,,,,,,,,,0.22067594,,,,,,,,,,,,,,,,,,,,,,,,,,,,,,,,,,,,,,,,,,,,,,,,,,,,,,,,,,,,,,,,,,,,,,,,,,,,,,,,,,,,,,,,,,,,,,,
CTAC,,,,,,,,,,,,1.00E-08,,,,,0.38469185,,,,,,,,,,,,,,,1.00E-08,,,,,,,,,,,,,,,,,,,,,,,,,,,,,,,,,,,,,,,,,,,,,,,,,,,,,,,,,,,,,,,,,,0.06858847,,,,,,,,,
CTAG,,,,,,,,,,,,1.00E-08,,,,,,,,,,,,,,,,,,,,,,,,,,,,,,,,,,,,,,,,,,,,,,,,,,,,,,,,,,,,,,,,,,,,,,,0.01789264,,,,,,,,,,,,,,,,,,,,,,,,
CTGC,,,,,,,,,,,,0.35188867,,,,,0.0805169,,,,,,,,,,,,,,,1.00E-08,,,,,,,,,,,,,,,,,,,,,,,,,,,,,,,,,,,,,,,,,,,,,,,,,,,,,,,,,,,,,,,,,,0.00795229,,,,,,,,,
TTAC,,,,,,,,,,,,0.20675944,,,,,,,,,,,,,,,,,,,,0.44234592,,,,,,,,,,,,,,,,,,,,,,,,,,,,,,,,,,,,,,,,,,,,,,,,,,,,,,,,,,,,,,,,,,,,,,,,,,,
TTAG,,,,,,,,,,,,1.00E-08,,,,,,,,,,,,,,,,,,,,,,,,,,,,,,,,,,,,,,,,,,,,,,,,,,,,,,,,,,,,,,,,,,,,,,,0.0805169,,,,,,,,,,,,,,,,,,,,,,,,
AAG,,,,,,,,,,,,,0.18986083,,,,,,,,,,,,,,,,,,,,,0.17992048,,,,,,,,,,,,,,,,,,,,,,,,,0.43141153,,,,,,,,,,,,,,,,,,,,,,,,,,,,,,,,,,0.16500994,,,,,,,,,,,,,,
ATA,,,,,,,,,,,,,0.33996024,,,,,,,,,,,,,,,,,,,,,,,,,,,,,,,,,,,,,,,,,,,,,,,0.06560636,,,,,,,,,0.20775348,,,,,,,,,,,,,,,,,,,,,,,,,,,,,,,,,,,,,,
ACG,,,,,,,,,,,,,,0.40755467,1.00E-08,,,,,,,,,,,,,,,,,,,,,,,,,,,,,,,,,,,,,,,,,,,,,,,,,,,,,,,,,,,,,,,,,,,,,,,,,,,,,,0.00099404,,,,,,,,0.10039761,,,,,,
AGG,,,,,,,,,,,,,,0.03677932,0.22564612,,,,,,,,,,,,,,,,,,,,,,,,,,,,,,,,,,,,,,,,,,0.16302187,,0.14413519,,,,,,,,,,1.00E-08,,,,,,,,,,,,,,,,,,,,,,,,,,,,,,0.00397614,,0.67196819,,,,,,
GCG,,,,,,,,,,,,,,,0.36083499,,,,,,,,,,0.10536779,,,,,,,,,,,,,,,,,,,,,,,,,,,,,,,,,,,,,0.38270378,,,,,,,,,,,,,,0.24254473,,,,,,,,,,,,,,,,,0.62723658,,,,,,0.27932406,,,,,,,,
CAT,,,,,,,,,,,,,,,,0.26540755,,,,,,,,,,,,,,,,,1.00E-08,,,,,,,,,,,0.43439364,,,,,,,,,,,,,,,,,,,,,,,,,,,,,,,,,,,,,,,,,,,,,,,,,,,,,,,,,,,,,1.00E-08,,
CGT,,,,,,,,,,,,,,,,1.00E-08,,,,,,,,,,,,,,,,,0.25248509,,,,,,,,,,,,,,,,,,,,,,,,,,,,,,,,,,,,,,,,,,,,,,,,,,,,,,,,,,,,,,,,,,,,,,,,,,
ACAT,,,,,,,,,,,,,,,,,1.00E-08,,,,,,,,,,,,,,,,,,,,,,,,,,,,,,,,,,,,,,,,,,,,,,,,1.00E-08,,,,,,0.13817097,,,,,,,,,,,,,,,,,,,,,,,,,,,,,,,,,,,,
ATGT,,,,,,,,,,,,,,,,,0.00497018,,,,,,,,,,,,,,,,,,,,,,,,,,,,,,,,,,,,,,,,,,,,,,,,0.34791252,,,,,,,,,,,,,,,,,,,,,,,,,,,,,,,,,,,,,,,,,,
CCAT,,,,,,,,,,,,,,,,,1.00E-08,,,,,,,,,,,,,,,0.2445328,,,,,,,,,,,,,,,,,,,,,,,,,,,,,,,,,,,,,,,,,,,,,,,,,,,,,,,,,,,0.00099404,,,,,,,0.20079523,,,,,0.32007952,,,,
CCGC,,,,,,,,,,,,,,,,,0.00397614,,,,,,,,,,,,,,,1.00E-08,,,,,,,,,,,,,,,,,,,0.36580517,,,,,,,,,,,,,,,,,,,,,,,,,,,,,,,,,,,,,,,,0.33499006,,,,,,,0.02087475,,,,,0.00198807,,,,
CCGT,,,,,,,,,,,,,,,,,0.12922465,,,,,,,,,,,,,,0.00099404,1.00E-08,,,,,,,,,,,,,,,,,,,,,,,,,,,,,,,,,,,,,,,,,,,,,,,,,,,,,,,,,,,1.00E-08,,,,,,,1.00E-08,,,,,0.18588469,,,,
CTAT,,,,,,,,,,,,,,,,,0.30019881,,,,,,,,,,,,,,,0.00099404,,,,,,,,,,,,,,,,,,,,,,,,,,,,,,,,,,,,,,,,,,,,,,,,,,,,,,,,,,,,,,,,,,,,,,,,,,,
AACCA,,,,,,,,,,,,,,,,,,0.16699801,,,,,,,,,,,,,,,,,,,,,,,,,,,,,,,,,,,,,,,,,,,,,,,,,,,,,,,,,,,,,,,,,,,,,,,,,,,,,,,,,,,,,,,,,
AACCG,,,,,,,,,,,,,,,,,,0.47713718,,,,,,,,,,,,,,,,,,,,,,,,,,,,,,,,,,,,,,,,,,,,,,,,,,,,,,,,,,,,,,,,,,,,,,,,,,,,,,,0.00099404,,,,,,,,,,
AATCA,,,,,,,,,,,,,,,,,,1.00E-08,,,,,,,,,,,,,,,,,,,,,,,,,,,,,,,,,,,,,,,,,,,,,,,,,,,,,,,,,,,,,,,,,,,,,,,,,,,,,,,,,,,,,,,,,
AGCCA,,,,,,,,,,,,,,,,,,0.00099404,,,,,,,,,,,,,,,,,,,,,,,,,,,,,,,,,,,,,,,,,,,,,,,,,,,,,,,,,,,,,,,,,,,,,,,,,,,,,,,,,,,,,,,,,
CACCA,,,,,,,,,,,,,,,,,,1.00E-08,,,,,,,,,,,,,,,,,,,,,,,,,,,,,,0.04274354,,,,,,,,,,,,,,,,,,,,,,,,,,,,,,,,,,,,,,,,,,,,,,,,,,,,,,,,,,,
CGCCA,,,,,,,,,,,,,,,,,,0.09145129,,,,,,,,,,,,,,,,,,,,,,,,,,,,,,,,,,,,,,,,,,,,,,,,,,,,,,,,,,,,,,,,,,,,,,,,,,,,,,,,,,,,,,,,,
CGCCG,,,,,,,,,,,,,,,,,,0.00198807,,,,,,,,,,,,,,,,,,,,,,,,,,,,,,,,,,,,,,,,,,,,,,,,,,,,,,,,,,,,,,,,,,,,,,,,,,,,,,,,,,,,,,,,,
CGCGA,,,,,,,,,,,,,,,,,,0.26043738,,,,,,,,,,,,,,,,,,,,,,,,,,,,,,,,,,,,,,,,,,,,,,,,,,,,,,,,,,,,,,,,,,,,,,,,,,,,,,,,,,,,,,,,,
CGCGG,,,,,,,,,,,,,,,,,,0.00099404,,,,,,,,,,,,,,,,,,,,,,,,,,,,,,,,,,,,,,,,,,,,,,,,,,,,,,,,,,,,,,,,,,,,,,,,,,,,,,,,,,,,,,,,,
ATAA,,,,,,,,,,,,,,,,,,,0.10536779,,,,,,,,,,,,,,,,,,,,,,,,,,,,,,,,,,,,,,,,,,,,,,,,,,,,,0.24652087,,,,,,,,0.18687873,,,,,,,,,,,,,,,,,,,,,,,,,,,
GCGA,,,,,,,,,,,,,,,,,,,0.2415507,,,,,,,,,,,,,,,,,,,,,,,,,,,,,,,,,,,,,,,,,,,,,,,,,,,,,,,,,,,,,,,,,,,,,,,,,,,,,,,,,,,,,,,,
GTAA,,,,,,,,,,,,,,,,,,,0.24353877,,,,0.11530815,,,,,,,,,,,,,,,,,,,,,,,,,,,,,,,,,,,,,,,,,,,,,,,,,0.01789264,,,,,,,,0.37475149,,,,,,,,,,,,,,,,,,,,,,,,,,,
GTGA,,,,,,,,,,,,,,,,,,,0.33200795,,,,,,,,,,,,,,,,,,,,,,,,,,,,,,,,,,,,,,,,,,,,,,,,,,,,,1.00E-08,,,,,,,,,,,,,,,,,,,,,,,,,,,,,,,,,,,
CACC,,,,,,,,,,,,,,,,,,,,0.41749503,,,,,,,,,,,,,,,,,,,,,,,,,,,,,,,,,,,,,,,,,,,,,,,,,,,,,,,,,,,,,,,,,,,,,,,,,,,,,,,,0.18190855,,,,,,,
CACT,,,,,,,,,,,,,,,,,,,,0.4473161,,,,,,,,,,,,,,,,,,,,,,,,,,,,,,,,,,,,,,,,,,,,,,,,,,,,,,,,,,,,,,,,,,,,,,,,,,,,,,,,,,,,,,,
CGCC,,,,,,,,,,,,,,,,,,,,0.08648111,,,,,,,,,,,,,,,,,,,,,,,,,,,,,,,,,,,,,,,,,,,,,,,,,,,,,,,,,,,,,,,,,,,,,,,,,,,,,,,,,,,,,,,
CGCT,,,,,,,,,,,,,,,,,,,,0.00298211,,,,,,,,,,,,,,,,,,,,,,,,,,,,,,,,,,,1.00E-08,,,,,,,,,,,,,,,,,,,,,,,,,,,,,,,,,,,,,,,,,,,,,,,,,,,,
TATC,,,,,,,,,,,,,,,,,,,,0.04572565,,,,,,,,,,,,,,,,,,,,,0.28031809,,,,,,,,,,,,,,,,,,,,,,,,,,,,,,,,,,,,,,,,,,,,,,,,,,,,,,,,,,,,,,,,,,
GTA,,,,,,,,,,,,,,,,,,,,,0.12127237,,,,,,,,,,,,,,,,,,,,,,,,,,,,,,,,,,,,,,,0.6610338,0.1471173,0.08747515,,,,,,,,,,,,,,,,,,,,,,,,,,,,,,,,,,,,,,,,,,,,,
ACCAG,,,,,,,,,,,,,,,,,,,,,,0.06766169,,,,,,,,,,,,,,,,,,,,,,,,,,,,,,,,,,,,,,,,,,,,,,,,,,,,,,,,,,,,,,,,,,,,,,,,,,,,,,,,,,,,,
ACCAT,,,,,,,,,,,,,,,,,,,,,,0.00597015,,,,,,,,,,,,,,,,,,,,,,,,,,,,,,,,,,,,,,,,,,,,,,,,,,,,,,,,,,,,,,,,,,,,,,,,,,,,,,,,,,,,,
ACCGG,,,,,,,,,,,,,,,,,,,,,,0.20995025,,,,,,,,,,,,,,,,,,,,,,,,,,,,,,,,,,,,,,,,,,,,,,,,,,,,,,,,,,,,,,,,,,,,,,,,,,,,,,,,,,,,,
ACCGT,,,,,,,,,,,,,,,,,,,,,,0.0159204,,,,,,,,,,,,,,,,,,,,,,,,,,,,,,,,,,,,,,,,,,,,,,,,,,,,,,,,,,,,,,,,,,,,,,,,,,,,,,,,,,,,,
ACTAG,,,,,,,,,,,,,,,,,,,,,,0.00298507,,,,,,,,,,,,,,,,,,,,,,,,,,,,,,,,,,,,,,,,,,,,,,,,,,,,,,,,,,,,,,,,,,,,,,,,,,,,,,,,,,,,,
ACTAT,,,,,,,,,,,,,,,,,,,,,,1.00E-08,,,,,,,,,,,,,,,,,,,,,,,,,,,,,,,,,,,,,,,,,,,,,,,,,,,,,,,,,,,,,,,,,,,,,,,,,,,,,,,,,,,,,
ACTGG,,,,,,,,,,,,,,,,,,,,,,0.31243781,,,,,,,,,,,,,,,,,,,,,,,,,,,,,,,,,,,,,,,,,,,,,,,,,,,,,,,,,,,,,,,,,,,,,,,,,,,,,,,,,,,,,
ACTGT,,,,,,,,,,,,,,,,,,,,,,0.12736318,,,,,,,,,,,,,,,,,,,,,,,,,,,,,,,,,,,,,,,,,,,,,,,,,,,,,,,,,,,,,,,,,,,,,,,,,,,,,,,,,,,,,
ATCAG,,,,,,,,,,,,,,,,,,,,,,1.00E-08,,,,,,,,,,,,,,,,,,,,,,,,,,,,,,,,,,,,,,,,,,,,,,,,,,,,,,,,,,,,,,,,,,,,,,,,,,,,,,,,,,,,,
ATCGG,,,,,,,,,,,,,,,,,,,,,,0.00199005,,,,,,,,,,,,,,,,,,,,,,,,,,,,,,,,,,,,,,,,,,,,,,,,,,,,,,,,,,,,,,,,,,,,,,,,,,,,,,,,,,,,,
ATCGT,,,,,,,,,,,,,,,,,,,,,,1.00E-08,,,,,,,,,,,,,,,,,,,,,,,,,,,,,,,,,,,,,,,,,,,,,,,,,,,,,,,,,,,,,,,,,,,,,,,,,,,,,,,,,,,,,
ATTGG,,,,,,,,,,,,,,,,,,,,,,1.00E-08,,,,,,,,,,,,,,,,,,,,,,,,,,,,,,,,,,,,,,,,,,,,,,,,,,,,,,,,,,,,,,,,,,,,,,,,,,,,,,,,,,,,,
ATTGT,,,,,,,,,,,,,,,,,,,,,,1.00E-08,,,,,,,,,,,,,,,,,,,,,,,,,,,,,,,,,,,,,,,,,,,,,,,,,,,,,,,,,,,,,,,,,,,,,,,,,,,,,,,,,,,,,
GCCAG,,,,,,,,,,,,,,,,,,,,,,0.00199005,,,,,,,,,,,,,,,,,,,,,,,,,,,,,,,,,,,,,,,,,,,,,,,,,,,,,,,,,,,,,,,,,,,,,,,,,,,,,,,,,,,,,
GCCGG,,,,,,,,,,,,,,,,,,,,,,0.00597015,,,,,,,,,,,,,,,,,,,,,,,,,,,,,,,,,,,,,,,,,,,,,,,,,,,,,,,,,,,,,,,,,,,,,,,,,,,,,,,,,,,,,
GCCGT,,,,,,,,,,,,,,,,,,,,,,1.00E-08,,,,,,,,,,,,,,,,,,,,,,,,,,,,,,,,,,,,,,,,,,,,,,,,,,,,,,,,,,,,,,,,,,,,,,,,,,,,,,,,,,,,,
GCTAG,,,,,,,,,,,,,,,,,,,,,,1.00E-08,,,,,,,,,,,,,,,,,,,,,,,,,,,,,,,,,,,,,,,,,,,,,,,,,,,,,,,,,,,,,,,,,,,,,,,,,,,,,,,,,,,,,
GCTGG,,,,,,,,,,,,,,,,,,,,,,0.00895522,,,,,,,,,,,,,,,,,,,,,,,,,,,,,,,,,,,,,,,,,,,,,,,,,,,,,,,,,,,,,,,,,,,,,,,,,,,,,,,,,,,,,
GCTGT,,,,,,,,,,,,,,,,,,,,,,0.00099502,,,,,,,,,,,,,,,,,,,,,,,,,,,,,,,,,,,,,,,,,,,,,,,,,,,,,,,,,,,,,,,,,,,,,,,,,,,,,,,,,,,,,
GTCAG,,,,,,,,,,,,,,,,,,,,,,0.2039801,,,,,,,,,,,,,,,,,,,,,,,,,,,,,,,,,,,,,,,,,,,,,,,,,,,,,,,,,,,,,,,,,,,,,,,,,,,,,,,,,,,,,
GTCAT,,,,,,,,,,,,,,,,,,,,,,1.00E-08,,,,,,,,,,,,,,,,,,,,,,,,,,,,,,,,,,,,,,,,,,,,,,,,,,,,,,,,,,,,,,,,,,,,,,,,,,,,,,,,,,,,,
GTCGG,,,,,,,,,,,,,,,,,,,,,,0.0318408,,,,,,,,,,,,,,,,,,,,,,,,,,,,,,,,,,,,,,,,,,,,,,,,,,,,,,,,,,,,,,,,,,,,,,,,,,,,,,,,,,,,,
GTCGT,,,,,,,,,,,,,,,,,,,,,,0.00099502,,,,,,,,,,,,,,,,,,,,,,,,,,,,,,,,,,,,,,,,,,,,,,,,,,,,,,,,,,,,,,,,,,,,,,,,,,,,,,,,,,,,,
GTTGG,,,,,,,,,,,,,,,,,,,,,,0.00099502,,,,,,,,,,,,,,,,,,,,,,,,,,,,,,,,,,,,,,,,,,,,,,,,,,,,,,,,,,,,,,,,,,,,,,,,,,,,,,,,,,,,,
CTAA,,,,,,,,,,,,,,,,,,,,,,,1.00E-08,,,,,,,,,,,,,,,,,,,,,,,,,,,,,,,,,,,,,,,,,,,,,,,,,,,,,,,,,,,,,,,,,,,,,,,,,,,,,,,,,,,,
CTCA,,,,,,,,,,,,,,,,,,,,,,,0.20079523,,,,,,,,,,,,,,,,,,,,,,,,,,,,,,,,,,,,,,,,,,,,,,,,,,,,,,,,,,,,,,,,,,,,,,,,,,,,,,,,,,,,
CTCG,,,,,,,,,,,,,,,,,,,,,,,0.00099404,,,,,,,,,,,,,,,,,,,,,,,,,,,,,,,,,,,,,,,,,,,,,,,,,,,,,,,,,,,,,,,,,,,,,,,,,,,,,,,,,,,,
GGAA,,,,,,,,,,,,,,,,,,,,,,,0.00894632,,,,,,,,,,,,,,,,,,,,,,,,,,,,,,,,,,,,,,,,,,,,,,,,,,,,,,,,,,,,,,,,,,,,,,,,,,,,,,,,,,,,
GGAG,,,,,,,,,,,,,,,,,,,,,,,1.00E-08,,,,,,,,,,,,,,,,,,,,,,,,,,,,,,,,,,,,,,,,,,,,,,,,,,,,,,,,,,,,,,,,,,,,,,,,,,,,,,,,,,,,
GGCA,,,,,,,,,,,,,,,,,,,,,,,0.30516899,,,,,,,,,,,,,,,,,,,,,,,,,,,,,,,,,,,,,,,,,,,,,,,,,,,,,,,,,,,,,,,,,,,,,,,,,,,,,,,,,,,,
GGCG,,,,,,,,,,,,,,,,,,,,,,,0.1222664,,,,,,,,,,,,,,,,,,,,,,,,,,,,,,,,,,,,,,,,,,,,,,,,,,0.32902584,,,,,,,,,,,,,,,,,,,,,,,,,,,,,,,,,,
GTAG,,,,,,,,,,,,,,,,,,,,,,,0.24055666,,,,,,,,,,,,,,,,,,,,,,,,,,,,,,,,,,,,,,,,,,,,,,,,,1.00E-08,,,,,,,,,,,,,,,,,,,,,,,,,,,,,,,,,,,
GTCA,,,,,,,,,,,,,,,,,,,,,,,0.00497018,,,,,,,,,,,,,,,,,,,,,,,,,,,,,,,,,,,,,,,,,,,,,,,,,,,,,,,,,,,,,,,,,,,,,,,,,,,,,,,,,,,,
GTCG,,,,,,,,,,,,,,,,,,,,,,,0.00099404,,,,,,,,,,,,,,,,,,,,,,,,,,,,,,,,,,,,,,,,,,,,,,,,,,0.09642147,,,,,,,,,,,,,,,,,,,,,,,,,,,,,,,,,,
CAC,,,,,,,,,,,,,,,,,,,,,,,,0.29622266,,,,,,,,,0.27733598,,,,,,,,,,,0.18190855,,,,,0.19483101,,,,,,,,,,,,,,,,,,,,,,,,,,,,,,,,,,,,,,,,,,,,,,,,,,,,,,,,0.03777336,,
CGC,,,,,,,,,,,,,,,,,,,,,,,,0.27534791,,,,,,,,,0.32306163,,,,,,,,,,,0.30417495,,,,,,,,,,,,,,,,,,,,,,,,,,,,,,,,,,,,,,,,,,,,,,,,,,,,,,,,,,,,,,,
CCG,,,,,,,,,,,,,,,,,,,,,,,,,0.2972167,,,,,,,,,,,,,,,,,,,,,,,,,,,,,,,,,,,,,,,,,,,,,,,,,,,,,,,,,,,,,,,,,,,,,,,0.00894632,,,,,,,,,,,
CCT,,,,,,,,,,,,,,,,,,,,,,,,,0.2972167,,,,,,,,,,0.31809145,,0.2306163,,,,,,,,,,,,,,,,,,,,,,,,,,,,,,,,,,,,,,,,,,,,,,,,,,,,,,,,,,,,,,,,,,,,,,
CTT,,,,,,,,,,,,,,,,,,,,,,,,,0.30019881,,,,,,,,,,0.08548708,,,,,,,,,,,,,,,,,,,,,,,,,,,,,,,,,,,,,,,,,,,,,,,,,,,,,,,,,,,,,,,,,,,,,,,,
GGGG,,,,,,,,,,,,,,,,,,,,,,,,,,,0.22862823,,,,,,,,,,,,,,,,,,,,0.00298211,,,,,,,,,,,,,,,,,,,,,,,,,,,,,,,,,,,,,,,,,,,,,,,,,,,,,,,,,,,,
TAGG,,,,,,,,,,,,,,,,,,,,,,,,,,,0.37972167,,,,,,,,,,,,,,,,,,,,,,,,,,,,,,,,,,,,,,,,,,,,,,,,,,,,,,,,,,,,,,,,,,,,0.35586481,,,,,,,,,,,,
TGAG,,,,,,,,,,,,,,,,,,,,,,,,,,,0.38369781,,,,,,,,,,,,,,,,,,,,,,,,,,,,,,,,,,,,,,,,,,,,,,,,,,,,,,,,,,,,,,,,,,,,0.09940358,,,,,,,,,,,,
TGGG,,,,,,,,,,,,,,,,,,,,,,,,,,,0.00198807,,,,,,,,,,,,,,,,,,,,,,,,,,,,,,,,,,,,,,,,,,,,,,,,,,,,,,,,,,,,,,,,,,,,1.00E-08,,,,,,,,,,,,
AACC,,,,,,,,,,,,,,,,,,,,,,,,,,,,0.2415507,,,,,,,,,,,,,,,,,,,,,,,,,,,,,,,,,,,,,,,,,,0.00099404,,,,,,,,,,,,,,,,,,,,,,,,,,,,,,,,,,,,,
AACT,,,,,,,,,,,,,,,,,,,,,,,,,,,,0.13021869,,,,,,,,,,,,,,,,,,,,,,,,,,,,,,,,,,,,,,,,,,,,,,,,,,,,,,,,,,,,,,,,,,,,,,,,,,,,,,,
AGCC,,,,,,,,,,,,,,,,,,,,,,,,,,,,1.00E-08,,,,,,,,,,,,,,,,,,,,,,,,,,,,,,,,,,,,,,,,,,,,,,,,,,,,,,,,,,,,,,,,,,,,,,,,,,,,,,,
GACC,,,,,,,,,,,,,,,,,,,,,,,,,,,,0.00894632,,,,,,,,,,,,,,,,,,,,,,,,,,,,,,,,,,,,,,,,,,0.08747515,,,,,,,,,,,,,,,,,,,,,,,,,,,,,,,,,,,,,
GGCC,,,,,,,,,,,,,,,,,,,,,,,,,,,,0.2554672,,,,,,,,,,,,,,,,,,,,,,,,,,,,,,,,,,,,,,,,,,,,,,,,,,,,,,,,,,,,,,,,,,,,,,,,,,,,,,,
GGTC,,,,,,,,,,,,,,,,,,,,,,,,,,,,0.3638171,,,,,,,,,,,,,,,,,,,,,,,,,,,,,,,,,,,,,,,,,,,,,,,,,,,,,,,,,,,,,,,,,,,,,,,,,,,,,,,
GGTT,,,,,,,,,,,,,,,,,,,,,,,,,,,,1.00E-08,,,,,,,,,,,,,,,,,,,,,,,,,,,,,,,,,,,,,,,,,,,,,,,,,,,,,,,,,,,,,,,,,,,,,,,,,,,,,,,
ACAC,,,,,,,,,,,,,,,,,,,,,,,,,,,,,0.00596421,,,,,,,,,,,,,,,,,,,,,,,,,,,,,,,,,,,,,,,,,0.01491054,0.01789264,,,,,,,,,,,,,,,,,,,,,,,,,,,,,,,,,,,,
ACAG,,,,,,,,,,,,,,,,,,,,,,,,,,,,,0.09741551,,,,,,,,,0.35487078,,,,,,,,,,,,,,,,,,,,,,,,,,,,,,,,,,0.21968191,,,,,,,,1.00E-08,,,,,,,,,,,,,,,,,,,,,,,,,,,
ACTC,,,,,,,,,,,,,,,,,,,,,,,,,,,,,0.00099404,,,,,,,,,,,,,,,,,,,,,,,,,,,,,,,,,,,,,,,,,,,,,,,,,,,,,,,,,,,,1.00E-08,,,,,,,,,,,,,,,,,,
ACTG,,,,,,,,,,,,,,,,,,,,,,,,,,,,,0.30815109,,,,,,,,,,,,,,,,,,,,,,,,,,,,,,,,,,,,,,,,,,,,,,,,,,,,,,,,,,,,,,,,,,,,,,,,,,,,,0.2415507,
ATAC,,,,,,,,,,,,,,,,,,,,,,,,,,,,,0.00099404,,,,,,,,,,,,,,,,,,,,,,,,,,,,,,,,,,,,0.14015905,,,,,,0.02186879,,,,,,,,,,,,,,,,,,,,,,,,,,,,,,,,,,,,
ATAG,,,,,,,,,,,,,,,,,,,,,,,,,,,,,0.24850895,,,,,,,,,,,,,,,,,,,,,,,,,,,,,,,,,,,,,,,,,,,0.00198807,0.12127237,,,,,,,0.15109344,,,,,,,,,,,,,,,,,,,,,,,,,,,
ATTG,,,,,,,,,,,,,,,,,,,,,,,,,,,,,1.00E-08,,,,,,,,,,,,,,,,,,,,,,,,,,,,,,,,,,,,,,0.18290258,,,,,,,,,,,,,,,,,,,,,,,,,,,,,,,,,,,,,,,,
GCAC,,,,,,,,,,,,,,,,,,,,,,,,,,,,,0.24552684,,,,,,,,,0.0695825,,,,,,,,,,,,,,,,,,,,,,,,,,,,,,,,0.16202783,0.02385686,,,,,,,,,,,,,,,,,,,,1.00E-08,,,,,,,,,,,,,,,,
GCAG,,,,,,,,,,,,,,,,,,,,,,,,,,,,,1.00E-08,,,,,,,,,0.01192843,,,,,,,,,,,,,,,,,,,,,,,,,,,,,,,,,,0.03180915,,,,,,,,,,,,,,,,,,,,,,,,,,,,,,,,,,,
GCTC,,,,,,,,,,,,,,,,,,,,,,,,,,,,,0.05467197,,,,,,,,,,,,,,,,,,,,,,,,,,,,,,,,,,,,,,,,,,,,,,,,,,,,,,,,,,,,,,,,,,,,,,,,,,,,,,
GCTG,,,,,,,,,,,,,,,,,,,,,,,,,,,,,0.03777336,,,,,,,,,,,,,,,,,,,,,,,,,,,,,,,,,,,,,,,,,,,,,,,,,,,,,,,,,,,,,,,,,,,,,,,,,,,,,,
AA,,,,,,,,,,,,,,,,,,,,,,,,,,,,,,0.21073559,,,,,,,,,,,,,,,,,,,,,,,,,,,,,,,,,,,,,,,,,,,,,,,,,,,,,,,,,,,,,,,,,,,,,,,,,,,,,
CA,,,,,,,,,,,,,,,,,,,,,,,,,,,,,,0.56560636,,,,,,,,,,,,,,,,,,,,,,,,,,,,,,,,,,,,,,,,,,,,,,,,,,,,,,,,,,,,,,,,,,,,,,,,,,,,,
CC,,,,,,,,,,,,,,,,,,,,,,,,,,,,,,0.22365805,,,,,,,,,,,,,,,,,,,,,,,,,,,,,,,,,,0.42942346,,,,,,,,,,,,,,,,,,,,,,,,,,,,,,,,,,,,,,,,,,,
CCTA,,,,,,,,,,,,,,,,,,,,,,,,,,,,,,,1.00E-08,,,,,,,,,,,,,,,,,,,,,,,,,,,,,,,,,,,,,,,,,,,,,,,,,,,,,,,,,,,,,,,,,,,,,,,,,,,,
CCTT,,,,,,,,,,,,,,,,,,,,,,,,,,,,,,,0.14314115,,,,,,,,,1.00E-08,,,,,,,,,,,,,,,,,,,,,,,,,,,,,,,,,,,,,,,,,,,,,,,,,,,,,,,,,,,,,,,,,,,
TCTA,,,,,,,,,,,,,,,,,,,,,,,,,,,,,,,0.25149105,,,,,,,,,,,,,,,,,,,,,,,,,,,,,,,,,,,,,,,,,,,,,,,,,,,,,,,,,,,,,,,,,,,,,,,,,,,1.00E-08,
TCTT,,,,,,,,,,,,,,,,,,,,,,,,,,,,,,,0.1640159,,,,,,,,,0.2584493,,,,,,,,,,,,,,,,,,,,,,,,,,,,,,,,,,,,,,,,,,,,,,,,,,,,,,,,,,,,,,,,,,,
TTGT,,,,,,,,,,,,,,,,,,,,,,,,,,,,,,,1.00E-08,,,,,,,,,,,,,,,,,,,,,,,,,,,,,,,,,,,,,,,,,,,,,,,,,,,,,,,,,,,,,,,,,,,,,,,,,,,,
TTTT,,,,,,,,,,,,,,,,,,,,,,,,,,,,,,,0.04671968,,,,,,,,,1.00E-08,,,,,,,,,,,,,,,,,,,,,,,,,,,,,,,,,,,,,,,,,,,,,,,,,,,,,,,,,,,,,,,,,,,
CAAC,,,,,,,,,,,,,,,,,,,,,,,,,,,,,,,,0.06163022,,,,,,,,,,,,,,,,,,,0.00198807,,,,,,,,,,,,,,,,,,,,,,,,,,,,,,,,,,,,,,,,,,,,,,,,,,,,0.22962227,,,,
CAAT,,,,,,,,,,,,,,,,,,,,,,,,,,,,,,,,0.00099404,,,,,,,,,,,,,,,,,,,,,,,,,,,,,,,,,,,,,,,,,,,,,,,,,,,,,,,,,,,,,,,,,,,,,,,,,,,
TCAC,,,,,,,,,,,,,,,,,,,,,,,,,,,,,,,,1.00E-08,,,,,,,,,,,,,,,,,,,,,,,,,,,,,,,,,,,,,,,,,,,,,,,,,,,,,,,,,,,,,,,,,,1.00E-08,,,,,1.00E-08,,,,
TTGC,,,,,,,,,,,,,,,,,,,,,,,,,,,,,,,,0.12823062,,,,,,,,,,,,,,,,,,,,,0.00695825,,,,,,,,,,,,,,,,,,,,,,,,,,,,,,,,,,,,,,,,,,,,,,,,,,,,,,
GCT,,,,,,,,,,,,,,,,,,,,,,,,,,,,,,,,,,,0.32604374,,0.30318091,,,,,,,,,,,,,0.56163022,,,,,,,,,,,,,,,,,,,,,,,,,,,,,,,,0.58946322,,,,,,,,,,,,,,,,,,,,,,,,,
GTT,,,,,,,,,,,,,,,,,,,,,,,,,,,,,,,,,,,,,0.13518887,,,,,,,,,,,,,0.13518887,,,,,,,,,,,,,,,,,,,,,,,,,,,,,1.00E-08,,,1.00E-08,,,,0.04274354,,,,,,,,,,,,,,,,,,,,,
ACC,,,,,,,,,,,,,,,,,,,,,,,,,,,,,,,,,,,,,,,0.07654076,,,,,,,,,,,,,,,,,,,,,,,,,,,,,,,,,,,,,,0.09542744,,,,,1.00E-08,,,,,,,,0.07157058,,,,,,,,,,,,,,,,,
ATC,,,,,,,,,,,,,,,,,,,,,,,,,,,,,,,,,,,,,,,0.34890656,,,,,,,,,,,,,,,,,,,,,,,,,,,,,,,,,,,,,,0.56858847,,,,,0.10934394,,,,,,,,,,,,,,,,,,,,,,,,,
ATT,,,,,,,,,,,,,,,,,,,,,,,,,,,,,,,,,,,,,,,0.1500994,,,,,,,,,,,0.13121272,,,,,,,,,,,,,,,,,,,,,,,,,,,,,,,,0.13817097,,,,,,,,,,,,,,,,,,,,,,,,,
CCCT,,,,,,,,,,,,,,,,,,,,,,,,,,,,,,,,,,,,,,,,1.00E-08,,,,,,,,,,,,,,,,,,,,,,,,,,,,,,,,,,,,,,,,,,,,,,,,,,,,,,,,,,,,,,,,,,,
CTTT,,,,,,,,,,,,,,,,,,,,,,,,,,,,,,,,,,,,,,,,0.03180915,,,,,,,,,,,,,,,,,,,,,,,,,,,,,,,,,,,,,,,,,,,,,,,,,,,,,,,,,,,,,,,,,,,
TCCC,,,,,,,,,,,,,,,,,,,,,,,,,,,,,,,,,,,,,,,,1.00E-08,,,,,,,,,,,,,,,,,,,,,,,,,,,,,,,,,,,,,,,,,,,,,,,,,,,,,,,,,,,,,,,,,,,
TCCT,,,,,,,,,,,,,,,,,,,,,,,,,,,,,,,,,,,,,,,,0.45626243,,,,,,,,,,,,,,,,,,,,,,,,,,,,,,,,,,,,,,,,,,,,,,,,,,,,,,,,,,,,,,,,,,,
TCTC,,,,,,,,,,,,,,,,,,,,,,,,,,,,,,,,,,,,,,,,0.04671968,,,,,,,,,,,,,,,,,,,,,,,,,,,,,,,,,,,,,,,,,,,,,,,,,,,,,,,,,,,,,,,,,,,
TTTC,,,,,,,,,,,,,,,,,,,,,,,,,,,,,,,,,,,,,,,,0.20675944,,,,,,,,,,,,,,,,,,,,,,,,,,,,,,,,,,,,,,,,,,,,,,,,,,,,,,,,,,,,,,,,,,,
AATA,,,,,,,,,,,,,,,,,,,,,,,,,,,,,,,,,,,,,,,,,0.19184891,,,,,,,,,,,,,,,,,,,,,,,,,,,,,,,,,,,,,,,,,,,,,,,,,,,,,,,,,,,,,,,,,,
AATC,,,,,,,,,,,,,,,,,,,,,,,,,,,,,,,,,,,,,,,,,0.00298211,,,,,,,,,,,,,,,,,,,,,,,,,,,,,,,,,,,,,,,,,,,,,,,,,,,,,,,,,,,,,,,,,,
AGGA,,,,,,,,,,,,,,,,,,,,,,,,,,,,,,,,,,,,,,,,,1.00E-08,,,,,,,,,,,,,,,,,,,,,,,,,,,,,,,,,,,,,,,,,,,,,,,,,,,,,,,,,,,,,,,,,,
AGTA,,,,,,,,,,,,,,,,,,,,,,,,,,,,,,,,,,,,,,,,,1.00E-08,,,,,,0.24950298,,,,,,,,,,,,,,,,,,,,,,,,,,,,,,,,,,,,,,,,,,,,,,,,,,,,,,,,,,,,
AGTC,,,,,,,,,,,,,,,,,,,,,,,,,,,,,,,,,,,,,,,,,0.31809145,,,,,,,,,,,,,,,,,,,,,,,,,,,,,,,,,,,,,,,,,,,,,,,,,,,,,,,,,,,,,,,,,,
TAGC,,,,,,,,,,,,,,,,,,,,,,,,,,,,,,,,,,,,,,,,,1.00E-08,0.07654076,,,,,,,,,,,,,,,,,,,,,,,,,,,,,,,,,,,,,,,,,,,,,,,,,,,,,,,,,,,,,,,,,
TATA,,,,,,,,,,,,,,,,,,,,,,,,,,,,,,,,,,,,,,,,,0.00099404,,,,,,,,,,,,,,,,,,,,,,,,,,,,,,,,,,,,,,,,,,,,,,,,,,,,,,,,,,,,,,,,,,
TGTC,,,,,,,,,,,,,,,,,,,,,,,,,,,,,,,,,,,,,,,,,0.00198807,,,,,,,,,,,,,,,,,,,,,,,,,,,,,,,,,0.00099404,,,,,,,,,,,,,,,,,,,,,,,,,,,,,,,,,
AAAC,,,,,,,,,,,,,,,,,,,,,,,,,,,,,,,,,,,,,,,,,,0.13121272,,,,,,,,,0.17793241,,,,,,,,,,,,,,,,,,,0.10238569,,,,,0.00497018,,,,,,,,,,,,,,,,,,,,,,,,,,,,,,,,
AAAT,,,,,,,,,,,,,,,,,,,,,,,,,,,,,,,,,,,,,,,,,,0.00198807,,,,,,,,,,,,,,,,,,,,,,,,,,,,0.25944334,,,,,0.10536779,,,,,,,,,,,,,,,,,,,,,,,,,,,,,,,,
AAGC,,,,,,,,,,,,,,,,,,,,,,,,,,,,,,,,,,,,,,,,,,0.26739563,,,,,,,,,,,,,,,,,,,,,,,,,,,,,,,,,0.05467197,,,,,,,,,,,,,,,,,,,,,,,,,,,,,,,,
AAGT,,,,,,,,,,,,,,,,,,,,,,,,,,,,,,,,,,,,,,,,,,0.02485089,,,,,,,,,,,,,,,,,,,,,,,,,,,,,,,,,0.23658052,,,,,,,,,,,,,,,,,,,,,,,,,,,,,,,,
AGAC,,,,,,,,,,,,,,,,,,,,,,,,,,,,,,,,,,,,,,,,,,0.00198807,,,,,,,,,,,,,,,,,,,,,,,,,,,,,,,,,,,,,,,,,,,,,,,,,,,,,,,,,,,,,,,,,
AGGC,,,,,,,,,,,,,,,,,,,,,,,,,,,,,,,,,,,,,,,,,,0.28131213,,,,,,,,,,,,,,,,,,,,,,,,,,,,,,,,,0.01491054,,,,,,,,,,,,,,,,,,,,,,,,,,,,,,,,
AGGT,,,,,,,,,,,,,,,,,,,,,,,,,,,,,,,,,,,,,,,,,,0.00099404,,,,,,,,,,,,,,,,,,,,,,,,,,,,,,,,,0.14413519,,,,,,,,,,,,,,,,,,,,,,,,,,,,,,,,
TAAC,,,,,,,,,,,,,,,,,,,,,,,,,,,,,,,,,,,,,,,,,,0.0805169,,,,,,,,,,,,,,,,,,,,,,,,,,,,,,,,,,,,,,,,,,,,,,,,,,,,,,,,,,,,,0.00099404,,,,
CCCAT,,,,,,,,,,,,,,,,,,,,,,,,,,,,,,,,,,,,,,,,,,,0.00099404,,,,,,,,,,,,,,,,,,,,,,,,,,,,,,,,,,,,,,,,,,,,,,,,,,,,,,,,,,,,,,,,
CCCGC,,,,,,,,,,,,,,,,,,,,,,,,,,,,,,,,,,,,,,,,,,,0.0139165,,,,,,,,,,,,,,,,,,,,,,,,,,,,,,,,,,,,,,,,,,,,,,,,,,,,,,,,,,,,,,,,
CCCGT,,,,,,,,,,,,,,,,,,,,,,,,,,,,,,,,,,,,,,,,,,,0.0139165,,,,,,,,,,,,,,,,,,,,,,,,,,,,,,,,,,,,,,,,,,,,,,,,,,,,,,,,,,,,,,,,
CCTAC,,,,,,,,,,,,,,,,,,,,,,,,,,,,,,,,,,,,,,,,,,,0.25149105,,,,,,,,,,,,,,,,,,,,,,,,,,,,,,,,,,,,,,,,,,,,,,,,,,,,,,,,,,,,,,,,
CCTGC,,,,,,,,,,,,,,,,,,,,,,,,,,,,,,,,,,,,,,,,,,,0.03081511,,,,,,,,,,,,,,,,,,,,,,,,,,,,,,,,,,,,,,,,,,,,,,,,,,,,,,,,,,,,,,,,
CTCAT,,,,,,,,,,,,,,,,,,,,,,,,,,,,,,,,,,,,,,,,,,,1.00E-08,,,,,,,,,,,,,,,,,,,,,,,,,,,,,,,,,,,,,,,,,,,,,,,,,,,,,,,,,,,,,,,,
CTCGC,,,,,,,,,,,,,,,,,,,,,,,,,,,,,,,,,,,,,,,,,,,1.00E-08,,,,,,,,,,,,,,,,,,,,,,,,,,,,,,,,,,,,,,,,,,,,,,,,,,,,,,,,,,,,,,,,
CTCGT,,,,,,,,,,,,,,,,,,,,,,,,,,,,,,,,,,,,,,,,,,,0.54274354,,,,,,,,,,,,,,,,,,,,,,,,,,,,,,,,,,,,,,,,,,,,,,,,,,,,,,,,,,,,,,,,
TCCGC,,,,,,,,,,,,,,,,,,,,,,,,,,,,,,,,,,,,,,,,,,,0.14612326,,,,,,,,,,,,,,,,,,,,,,,,,,,,,,,,,,,,,,,,,,,,,,,,,,,,,,,,,,,,,,,,
GAT,,,,,,,,,,,,,,,,,,,,,,,,,,,,,,,,,,,,,,,,,,,,0.07952286,,,,,,,,,,,,,,,,,,,,,,0.08648111,,,,,,,,,,,,,0.24751491,,,,,,,,0.0805169,,,,,,,0.14214712,,,,,,,,,,,,,
TCG,,,,,,,,,,,,,,,,,,,,,,,,,,,,,,,,,,,,,,,,,,,,,1.00E-08,,,,,,,,,,,,,,,,,,,,,,,,,,,,,,,0.24254473,,,,,,,,,,,,,,,,,,,,0.11133201,,,,,1.00E-08,,,,,,
AACAC,,,,,,,,,,,,,,,,,,,,,,,,,,,,,,,,,,,,,,,,,,,,,,1.00E-08,,,,,,,,,,,,,,,,,,,,,,,,,,,,,,,,,,,,,,,,,,,,,,,,,,,,,,,,,,,,,
AACGC,,,,,,,,,,,,,,,,,,,,,,,,,,,,,,,,,,,,,,,,,,,,,,0.09741551,,,,,,,,,,,,,,,,,,,,,,,,,,,,,,,,,,,,,,,,,,,,,,,,,,,,,,,,,,,,,
AGCAC,,,,,,,,,,,,,,,,,,,,,,,,,,,,,,,,,,,,,,,,,,,,,,0.18588469,,,,,,,,,,,,,,,,,,,,,,,,,,,,,,,,,,,,,,,,,,,,,,,,,,,,,,,,,,,,,
AGCGC,,,,,,,,,,,,,,,,,,,,,,,,,,,,,,,,,,,,,,,,,,,,,,1.00E-08,,,,,,,,,,,,,,,,,,,,,,,,,,,,,,,,,,,,,,,,,,,,,,,,,,,,,,,,,,,,,
AGTGC,,,,,,,,,,,,,,,,,,,,,,,,,,,,,,,,,,,,,,,,,,,,,,0.35685885,,,,,,,,,,,,,,,,,,,,,,,,,,,,,,,,,,,,,,,,,,,,,,,,,,,,,,,,,,,,,0.05069583
AGTGT,,,,,,,,,,,,,,,,,,,,,,,,,,,,,,,,,,,,,,,,,,,,,,0.08349901,,,,,,,,,,,,,,,,,,,,,,,,,,,,,,,,,,,,,,,,,,,,,,,,,,,,,,,,,,,,,0.05864811
TACGC,,,,,,,,,,,,,,,,,,,,,,,,,,,,,,,,,,,,,,,,,,,,,,0.26441352,,,,,,,,,,,,,,,,,,,,,,,,,,,,,,,,,,,,,,,,,,,,,,,,,,,,,,,,,,,,,
TGCGC,,,,,,,,,,,,,,,,,,,,,,,,,,,,,,,,,,,,,,,,,,,,,,0.01192843,,,,,,,,,,,,,,,,,,,,,,,,,,,,,,,,,,,,,,,,,,,,,,,,,,,,,,,,,,,,,
AGTG,,,,,,,,,,,,,,,,,,,,,,,,,,,,,,,,,,,,,,,,,,,,,,,0.24353877,,,,,,,,,,,,,,,,,,,,,,,,,,,,,,,,,,,,,,,,,,,,,,,,,,,,,,,,,,,,
GATG,,,,,,,,,,,,,,,,,,,,,,,,,,,,,,,,,,,,,,,,,,,,,,,0.02882704,,,,,,,,,,,,,,,,,,,,,,,,,,,,,,,,,,,,,,,,,,,,,,,,,,,,,,,,,,,,
GGTA,,,,,,,,,,,,,,,,,,,,,,,,,,,,,,,,,,,,,,,,,,,,,,,0.35089463,,,,,,,,,,,,,,,,,,,,,,,,,,,,,,,,,,,,,,,,,,,,,,,,,,,,,,,,,,,,
GGTG,,,,,,,,,,,,,,,,,,,,,,,,,,,,,,,,,,,,,,,,,,,,,,,0.12425447,,,,,,,,,,,,,,,,,,,,,,,,,,1.00E-08,,,,,,,,,,,,,,,,,,,,,,,,,,,,,,,,,,
CACTA,,,,,,,,,,,,,,,,,,,,,,,,,,,,,,,,,,,,,,,,,,,,,,,,0.00099404,,,,,,,,,,,,,,,,,,,,,,,,,,,,,,,,,,,,,,,,,,,,,,,,,,,,,,,,,,,
CATCA,,,,,,,,,,,,,,,,,,,,,,,,,,,,,,,,,,,,,,,,,,,,,,,,0.5,,,,,,,,,,,,,,,,,,,,,,,,,,,,,,,,,,,,,,,,,,,,,,,,,,,,,,,,,,,
CATTA,,,,,,,,,,,,,,,,,,,,,,,,,,,,,,,,,,,,,,,,,,,,,,,,1.00E-08,,,,,,,,,,,,,,,,,,,,,,,,,,,,,,,,,,,,,,,,,,,,,,,,,,,,,,,,,,,
CTCCA,,,,,,,,,,,,,,,,,,,,,,,,,,,,,,,,,,,,,,,,,,,,,,,,0.00198807,,,,,,,,,,,,,,,,,,,,,,,,,,,,,,,,,,,,,,,,,,,,,,,,,,,,,,,,,,,
CTCTA,,,,,,,,,,,,,,,,,,,,,,,,,,,,,,,,,,,,,,,,,,,,,,,,0.00497018,,,,,,,,,,,,,,,,,,,,,,,,,,,,,,,,,,,,,,,,,,,,,,,,,,,,,,,,,,,
CTCTG,,,,,,,,,,,,,,,,,,,,,,,,,,,,,,,,,,,,,,,,,,,,,,,,0.24950298,,,,,,,,,,,,,,,,,,,,,,,,,,,,,,,,,,,,,,,,,,,,,,,,,,,,,,,,,,,
TACCA,,,,,,,,,,,,,,,,,,,,,,,,,,,,,,,,,,,,,,,,,,,,,,,,0.00099404,,,,,,,,,,,,,,,,,,,,,,,,,,,,,,,,,,,,,,,,,,,,,,,,,,,,,,,,,,,
TACTA,,,,,,,,,,,,,,,,,,,,,,,,,,,,,,,,,,,,,,,,,,,,,,,,1.00E-08,,,,,,,,,,,,,,,,,,,,,,,,,,,,,,,,,,,,,,,,,,,,,,,,,,,,,,,,,,,
TATCA,,,,,,,,,,,,,,,,,,,,,,,,,,,,,,,,,,,,,,,,,,,,,,,,1.00E-08,,,,,,,,,,,,,,,,,,,,,,,,,,,,,,,,,,,,,,,,,,,,,,,,,,,,,,,,,,,
TTCCA,,,,,,,,,,,,,,,,,,,,,,,,,,,,,,,,,,,,,,,,,,,,,,,,1.00E-08,,,,,,,,,,,,,,,,,,,,,,,,,,,,,,,,,,,,,,,,,,,,,,,,,,,,,,,,,,,
TTCTA,,,,,,,,,,,,,,,,,,,,,,,,,,,,,,,,,,,,,,,,,,,,,,,,0.19781312,,,,,,,,,,,,,,,,,,,,,,,,,,,,,,,,,,,,,,,,,,,,,,,,,,,,,,,,,,,
TTCTG,,,,,,,,,,,,,,,,,,,,,,,,,,,,,,,,,,,,,,,,,,,,,,,,0.00099404,,,,,,,,,,,,,,,,,,,,,,,,,,,,,,,,,,,,,,,,,,,,,,,,,,,,,,,,,,,
AAT,,,,,,,,,,,,,,,,,,,,,,,,,,,,,,,,,,,,,,,,,,,,,,,,,0.3389662,,,,,,,,,,,,,,,,,0.07455268,,,,,,,,,,,,,,,,,,,,,0.38170974,,,,,,,,,,,,,,,,,,,,
AGT,,,,,,,,,,,,,,,,,,,,,,,,,,,,,,,,,,,,,,,,,,,,,,,,,0.38071571,,,,,,,,,,,,,,,,,1.00E-08,,,,,,,,,,,,,,,,,,,,,,,,0.28131213,,,,,,,,,,,,,,,,,
GTC,,,,,,,,,,,,,,,,,,,,,,,,,,,,,,,,,,,,,,,,,,,,,,,,,,0.17196819,,,,,,,,,,,,,,,,,,,,,,,,,,,,,,,,0.07355865,,,,0.00099404,,,,,,,,,,,,,,,,,,,,,
CAGC,,,,,,,,,,,,,,,,,,,,,,,,,,,,,,,,,,,,,,,,,,,,,,,,,,,0.2584493,,,,,,,,,,,,,,,,,,,,,,,,,,,,,,,,,,,,,,,,,,,,,,,,,,,,,,,,
CCGA,,,,,,,,,,,,,,,,,,,,,,,,,,,,,,,,,,,,,,,,,,,,,,,,,,,0.19582505,,,,,,,,,,,,,,,,,,,,,,,,,,,,,,,,1.00E-08,,,,,,,,,,,,,,,,,,,,,,,,
ACCGA,,,,,,,,,,,,,,,,,,,,,,,,,,,,,,,,,,,,,,,,,,,,,,,,,,,,1.00E-08,,,,1.00E-08,,,,,,,,,,,,,,,,,,,,,,,,,,,,,,,,,,,,,,,,,,,,,,,,,,,
ACCGC,,,,,,,,,,,,,,,,,,,,,,,,,,,,,,,,,,,,,,,,,,,,,,,,,,,,1.00E-08,,,,0.21769384,,,,,,,,,,,,,,,,,,,,,,,,,,,,,,,,,,,,,,,,,,,,,,,,,,,
ATCAA,,,,,,,,,,,,,,,,,,,,,,,,,,,,,,,,,,,,,,,,,,,,,,,,,,,,0.23558648,,,,,,,,,,,,,,,,,,,,,,,,,,,,,,,,,,,,,,,,,,,,,,,,,,,,,,,
ATCAC,,,,,,,,,,,,,,,,,,,,,,,,,,,,,,,,,,,,,,,,,,,,,,,,,,,,0.00099404,,,,,,,,,,,,,,,,,,,,,,,,,,,,,,,,,,,,,,,,,,,,,,,,,,,,,,,
ATCGA,,,,,,,,,,,,,,,,,,,,,,,,,,,,,,,,,,,,,,,,,,,,,,,,,,,,1.00E-08,,,,0.04771372,,,,,,,,,,,,,,,,,,,,,,,,,,,,,,,,,,,,,,,,,,,,,,,,,,,
ATCGC,,,,,,,,,,,,,,,,,,,,,,,,,,,,,,,,,,,,,,,,,,,,,,,,,,,,0.00198807,,,,0.47912525,,,,,,,,,,,,,,,,,,,,,,,,,,,,,,,,,,,,,,,,,,,,,,,,,,,
ATTGC,,,,,,,,,,,,,,,,,,,,,,,,,,,,,,,,,,,,,,,,,,,,,,,,,,,,0.14811133,,,,,,,,,,,,,,,,,,,,,,,,,,,,,,,,,,,,,,,,,,,,,,,,,,,,,,,
GCCAA,,,,,,,,,,,,,,,,,,,,,,,,,,,,,,,,,,,,,,,,,,,,,,,,,,,,0.00397614,,,,,,,,,,,,,,,,,,,,,,,,,,,,,,,,,,,,,,,,,,,,,,,,,,,,,,,
GCCAC,,,,,,,,,,,,,,,,,,,,,,,,,,,,,,,,,,,,,,,,,,,,,,,,,,,,0.01590457,,,,,,,,,,,,,,,,,,,,,,,,,,,,,,,,,,,,,,,,,,,,,,,,,,,,,,,
GCCGC,,,,,,,,,,,,,,,,,,,,,,,,,,,,,,,,,,,,,,,,,,,,,,,,,,,,1.00E-08,,,,0.08548708,,,,,,,,,,,,,,,,,,,,,,,,,,,,,,,,,,,,,,,,,,,,,,,,,,,
GTCAA,,,,,,,,,,,,,,,,,,,,,,,,,,,,,,,,,,,,,,,,,,,,,,,,,,,,0.00994036,,,,,,,,,,,,,,,,,,,,,,,,,,,,,,,,,,,,,,,,,,,,,,,,,,,,,,,
GTCAC,,,,,,,,,,,,,,,,,,,,,,,,,,,,,,,,,,,,,,,,,,,,,,,,,,,,0.40755467,,,,,,,,,,,,,,,,,,,,,,,,,,,,,,,,,,,,,,,,,,,,,,,,,,,,,,,
GTCGA,,,,,,,,,,,,,,,,,,,,,,,,,,,,,,,,,,,,,,,,,,,,,,,,,,,,0.00695825,,,,0.00397614,,,,,,,,,,,,,,,,,,,,,,,,,,,,,,,,,,,,,,,,,,,,,,,,,,,
GTCGC,,,,,,,,,,,,,,,,,,,,,,,,,,,,,,,,,,,,,,,,,,,,,,,,,,,,0.16799205,,,,1.00E-08,,,,,,,,,,,,,,,,,,,,,,,,,,,,,,,,,,,,,,,,,,,,,,,,,,,
GTTGC,,,,,,,,,,,,,,,,,,,,,,,,,,,,,,,,,,,,,,,,,,,,,,,,,,,,0.00099404,,,,,,,,,,,,,,,,,,,,,,,,,,,,,,,,,,,,,,,,,,,,,,,,,,,,,,,
GTAC,,,,,,,,,,,,,,,,,,,,,,,,,,,,,,,,,,,,,,,,,,,,,,,,,,,,,0.22962227,,,,,,,,,,,,1.00E-08,,,,,,1.00E-08,,,,,,,,,,,,,,,,,,,,,,,,,,,,,,,,,,,,
GGC,,,,,,,,,,,,,,,,,,,,,,,,,,,,,,,,,,,,,,,,,,,,,,,,,,,,,,0.45029821,,,,,,,,,,,,1.00E-08,,,,,,,,,,,,,,,,,,,,,,,,0.43936382,,,,0.30516899,,,,,,,,0.47614314,,,,,
CATT,,,,,,,,,,,,,,,,,,,,,,,,,,,,,,,,,,,,,,,,,,,,,,,,,,,,,,,0.38170974,,,,,,,,,,,,,,,,,,,,,,,,,,,,,,,,,,,,,,,,,,,,,,,,,,,,
CGTC,,,,,,,,,,,,,,,,,,,,,,,,,,,,,,,,,,,,,,,,,,,,,,,,,,,,,,,1.00E-08,,,,,,,,,,,,,,,,,,,0.25447316,,,,,,,,,,,,,,,,,,,,,,,,,,,,,,,,,
CGTT,,,,,,,,,,,,,,,,,,,,,,,,,,,,,,,,,,,,,,,,,,,,,,,,,,,,,,,0.19284294,,,,,,,,,,,,,,,,,,,,,,,,,,,,,,,,,,,,,,,,,,,,,,,,,,,,
TGCC,,,,,,,,,,,,,,,,,,,,,,,,,,,,,,,,,,,,,,,,,,,,,,,,,,,,,,,0.05367793,,,,,,,,,,,,,,,,,,,,,,,,,,,,,,,,,,,,,,,,,,,,,0.34493042,,,,,,,
TGCT,,,,,,,,,,,,,,,,,,,,,,,,,,,,,,,,,,,,,,,,,,,,,,,,,,,,,,,0.37077535,,,,,,,,,,,,,,,,,,,,,,,,,,,,,,,,,,,,,,,,,,,,,,,,,,,,
TGTT,,,,,,,,,,,,,,,,,,,,,,,,,,,,,,,,,,,,,,,,,,,,,,,,,,,,,,,0.00099404,,,,,,,,,,,,,,,,,,,,,,,,,,,,,,,,,,,,,,,,,,,,,,,,,,,,
ACTGA,,,,,,,,,,,,,,,,,,,,,,,,,,,,,,,,,,,,,,,,,,,,,,,,,,,,,,,,1.00E-08,,,,,,,,,,,,,,,,,,,,,,,,,,,,,,,,,,,,,,,,,,,,,,,,,,,
GACGC,,,,,,,,,,,,,,,,,,,,,,,,,,,,,,,,,,,,,,,,,,,,,,,,,,,,,,,,1.00E-08,,,,,,,,,,,,,,,,,,,,,,,,,,,,,,,,,,,,,,,,,,,,,,,,,,,
GCTCA,,,,,,,,,,,,,,,,,,,,,,,,,,,,,,,,,,,,,,,,,,,,,,,,,,,,,,,,0.03578529,,,,,,,,,,,,,,,,,,,,,,,,,,,,,,,,,,,,,,,,,,,,,,,,,,,
GCTGA,,,,,,,,,,,,,,,,,,,,,,,,,,,,,,,,,,,,,,,,,,,,,,,,,,,,,,,,0.12922465,,,,,,,,,,,,,,,,,,,,,,,,,,,,,,,,,,,,,,,,,,,,,,,,,,,
GCTGC,,,,,,,,,,,,,,,,,,,,,,,,,,,,,,,,,,,,,,,,,,,,,,,,,,,,,,,,0.00099404,,,,,,,,,,,,,,,,,,,,,,,,,,,,,,,,,,,,,,,,,,,,,,,,,,,
GTTCA,,,,,,,,,,,,,,,,,,,,,,,,,,,,,,,,,,,,,,,,,,,,,,,,,,,,,,,,1.00E-08,,,,,,,,,,,,,,,,,,,,,,,,,,,,,,,,,,,,,,,,,,,,,,,,,,,
GTG,,,,,,,,,,,,,,,,,,,,,,,,,,,,,,,,,,,,,,,,,,,,,,,,,,,,,,,,,,,,0.11232604,1.00E-08,0.08946322,,,,,,,0.36282306,,,,,,,0.21968191,,,0.36282306,,,,,,,,,,,,,,,,,,,,,,,,,,,,
TTG,,,,,,,,,,,,,,,,,,,,,,,,,,,,,,,,,,,,,,,,,,,,,,,,,,,,,,,,,,,,,0.25447316,,,,,,,,,,,,,,,0.00198807,,,,,,,,,,,,,,,,,,,,,,,,,,,,,,,
ATG,,,,,,,,,,,,,,,,,,,,,,,,,,,,,,,,,,,,,,,,,,,,,,,,,,,,,,,,,,,,,,0.44035785,,,,,,,0.11431412,,,,,,,,,,,,,,,,,,,,,,,,,,,,,,,,,,,,,,
CATG,,,,,,,,,,,,,,,,,,,,,,,,,,,,,,,,,,,,,,,,,,,,,,,,,,,,,,,,,,,,,,,0.26143141,,,,,,,,,,,,,,,,,,,,,0.23757455,,,,,,,,,,,,,,,,,,,,,,,
CGCA,,,,,,,,,,,,,,,,,,,,,,,,,,,,,,,,,,,,,,,,,,,,,,,,,,,,,,,,,,,,,,,0.11630219,,,,,,,,,,,,,,,,,,,,,,,,,,,,,,,,,,,,,,,,,,,,
CGCG,,,,,,,,,,,,,,,,,,,,,,,,,,,,,,,,,,,,,,,,,,,,,,,,,,,,,,,,,,,,,,,0.21371769,,,,,,,,,,,,,,,,,,,,,0.01292247,,,,,,,,,,,,,,,,,,,,,,,
CGTG,,,,,,,,,,,,,,,,,,,,,,,,,,,,,,,,,,,,,,,,,,,,,,,,,,,,,,,,,,,,,,,0.0417495,,,,,,,,,,,,,,,,,,,,,0.14115308,,,,,,,,,,,,,,,,,,,,,,,
TGCG,,,,,,,,,,,,,,,,,,,,,,,,,,,,,,,,,,,,,,,,,,,,,,,,,,,,,,,,,,,,,,,0.3667992,,,,,,,,,,,,,,,,,,,,,0.10735586,,,,,,,,,,,,,,,,,,,,,,,
CT,,,,,,,,,,,,,,,,,,,,,,,,,,,,,,,,,,,,,,,,,,,,,,,,,,,,,,,,,,,,,,,,0.13419483,,,,,,,,,,,,,,,,,,,,,,,,,,,,,,,,,,,,,,,,,,,
GC,,,,,,,,,,,,,,,,,,,,,,,,,,,,,,,,,,,,,,,,,,,,,,,,,,,,,,,,,,,,,,,,0.07852883,,,,,,,,,,,,,,,,,,,,,0.37276342,,,,,,,,,,,,,,,,,,,,,,
TC,,,,,,,,,,,,,,,,,,,,,,,,,,,,,,,,,,,,,,,,,,,,,,,,,,,,,,,,,,,,,,,,0.35785288,,,,,,,,,,,,,,,,,,,,,,,,,,,,,,,,,,,,,,,,,,,
ATAT,,,,,,,,,,,,,,,,,,,,,,,,,,,,,,,,,,,,,,,,,,,,,,,,,,,,,,,,,,,,,,,,,1.00E-08,,,,,,0.49105368,,,,,,,,,,,,,,,,,,,,,,,,,,,,,,,,,,,,
ACGA,,,,,,,,,,,,,,,,,,,,,,,,,,,,,,,,,,,,,,,,,,,,,,,,,,,,,,,,,,,,,,,,,,,0.32007952,,,,,1.00E-08,,,,,,,,,,,,,,,,,,,,,,,,,,,,,,,,,,1.00E-08,
ATGA,,,,,,,,,,,,,,,,,,,,,,,,,,,,,,,,,,,,,,,,,,,,,,,,,,,,,,,,,,,,,,,,,,,0.30914513,,,,,0.00298211,,,,,,,,,,,,,,,,,,,,,,,,,,,,,,,,,,,
TTGA,,,,,,,,,,,,,,,,,,,,,,,,,,,,,,,,,,,,,,,,,,,,,,,,,,,,,,,,,,,,,,,,,,,0.1749503,,,,,,,,,,,,,,,,,,,,,,,,,,,,,,,,,,,,,,,,
GAAC,,,,,,,,,,,,,,,,,,,,,,,,,,,,,,,,,,,,,,,,,,,,,,,,,,,,,,,,,,,,,,,,,,,,,,0.34194831,,,,,,,,,,,,,,,,,,,,,,,,,,,,,,,,,,,,,
GAAT,,,,,,,,,,,,,,,,,,,,,,,,,,,,,,,,,,,,,,,,,,,,,,,,,,,,,,,,,,,,,,,,,,,,,,0.01689861,,,,,1.00E-08,,,,,,,,,,,,,,,,,,,,,,,,,,,,,,,,
GACT,,,,,,,,,,,,,,,,,,,,,,,,,,,,,,,,,,,,,,,,,,,,,,,,,,,,,,,,,,,,,,,,,,,,,,1.00E-08,,,,,,,,,,,,,,,,,,,1.00E-08,,,,,,,,,,,,,,,,,,
GCAT,,,,,,,,,,,,,,,,,,,,,,,,,,,,,,,,,,,,,,,,,,,,,,,,,,,,,,,,,,,,,,,,,,,,,,1.00E-08,,,,,,,,,,,,,,,,,,,,,0.28031809,,,,,,,,,,,,,,,,
GCCC,,,,,,,,,,,,,,,,,,,,,,,,,,,,,,,,,,,,,,,,,,,,,,,,,,,,,,,,,,,,,,,,,,,,,,0.0139165,,,,,,,,,,,,,,,,,,,0.22465209,,,,,,,,,,,,,,,,,,
GCCT,,,,,,,,,,,,,,,,,,,,,,,,,,,,,,,,,,,,,,,,,,,,,,,,,,,,,,,,,,,,,,,,,,,,,,1.00E-08,,,,,,,,,,,,,,,,,,,,,,,,,,,,,,,,,,,,,
ACAA,,,,,,,,,,,,,,,,,,,,,,,,,,,,,,,,,,,,,,,,,,,,,,,,,,,,,,,,,,,,,,,,,,,,,,,,0.02982107,,,,,,,,0.13916501,,,,,,,,,,,,,,,,,,,,,,,,,,,
GCAA,,,,,,,,,,,,,,,,,,,,,,,,,,,,,,,,,,,,,,,,,,,,,,,,,,,,,,,,,,,,,,,,,,,,,,,,0.22465209,,,,,,,,,,,,,,,,,,,,,,,,,,,,,,,,,,,
ATCA,,,,,,,,,,,,,,,,,,,,,,,,,,,,,,,,,,,,,,,,,,,,,,,,,,,,,,,,,,,,,,,,,,,,,,,,,0.23757455,,,,,,,0.14811133,,,,,,,,,,,,,,,,,,,,,,,,,,,
ATCG,,,,,,,,,,,,,,,,,,,,,,,,,,,,,,,,,,,,,,,,,,,,,,,,,,,,,,,,,,,,,,,,,,,,,,,,,0.21570577,,,,,,,,,,,,,,,,,,,,,,,,,,,,,,,,,,
ATTA,,,,,,,,,,,,,,,,,,,,,,,,,,,,,,,,,,,,,,,,,,,,,,,,,,,,,,,,,,,,,,,,,,,,,,,,,1.00E-08,,,,,,,,,,,,,,,,,,,,,,,,,,,,,,,,,,
CCTC,,,,,,,,,,,,,,,,,,,,,,,,,,,,,,,,,,,,,,,,,,,,,,,,,,,,,,,,,,,,,,,,,,,,,,,,,,0.24552684,,,,,,,,,,,,,,,,,,,,,,,,,,,,,,,,,
TGTG,,,,,,,,,,,,,,,,,,,,,,,,,,,,,,,,,,,,,,,,,,,,,,,,,,,,,,,,,,,,,,,,,,,,,,,,,,0.11729622,,,,,,,,,,,,,,,,,,,,,,,,,,,,,,,,,
GAGC,,,,,,,,,,,,,,,,,,,,,,,,,,,,,,,,,,,,,,,,,,,,,,,,,,,,,,,,,,,,,,,,,,,,,,,,,,,0.00596421,,,,,,,,,,,,,,,,,,,,,,,,,,,,,,,,
GAGT,,,,,,,,,,,,,,,,,,,,,,,,,,,,,,,,,,,,,,,,,,,,,,,,,,,,,,,,,,,,,,,,,,,,,,,,,,,0.00099404,,,,,,,,,,,,,,,,,,,,,,,,,,,,,,,,
GGGC,,,,,,,,,,,,,,,,,,,,,,,,,,,,,,,,,,,,,,,,,,,,,,,,,,,,,,,,,,,,,,,,,,,,,,,,,,,0.06560636,,,,,,,,,,,,,,,,0.00497018,,,,,,,,,,,,,,,,
GGGT,,,,,,,,,,,,,,,,,,,,,,,,,,,,,,,,,,,,,,,,,,,,,,,,,,,,,,,,,,,,,,,,,,,,,,,,,,,0.3667992,,,,,,,,,,,,,,,,,,,,,,,,,,,,,,,,
TTT,,,,,,,,,,,,,,,,,,,,,,,,,,,,,,,,,,,,,,,,,,,,,,,,,,,,,,,,,,,,,,,,,,,,,,,,,,,,,,,0.00298211,,,,,,,,,,,,,,,,,,,,,,,,,,,,
GGA,,,,,,,,,,,,,,,,,,,,,,,,,,,,,,,,,,,,,,,,,,,,,,,,,,,,,,,,,,,,,,,,,,,,,,,,,,,,,,,,,0.41252485,,,,,,0.3389662,,,,,,,,,,,,0.07455268,,,,,,,,
ACT,,,,,,,,,,,,,,,,,,,,,,,,,,,,,,,,,,,,,,,,,,,,,,,,,,,,,,,,,,,,,,,,,,,,,,,,,,,,,,,,,,0.07952286,,,,,,,,,,,,,,,,,,,,,,,,,
CCGG,,,,,,,,,,,,,,,,,,,,,,,,,,,,,,,,,,,,,,,,,,,,,,,,,,,,,,,,,,,,,,,,,,,,,,,,,,,,,,,,,,,0.35487078,,,,,,,,,,,,,,,,,,,,,,,,
CTGA,,,,,,,,,,,,,,,,,,,,,,,,,,,,,,,,,,,,,,,,,,,,,,,,,,,,,,,,,,,,,,,,,,,,,,,,,,,,,,,,,,,0.41848907,,,,,,,,,,,,,,,,,,,,,,,,
CTGG,,,,,,,,,,,,,,,,,,,,,,,,,,,,,,,,,,,,,,,,,,,,,,,,,,,,,,,,,,,,,,,,,,,,,,,,,,,,,,,,,,,0.12823062,,,,,,,,,,,,,,,,,,,,,,,,
TTGG,,,,,,,,,,,,,,,,,,,,,,,,,,,,,,,,,,,,,,,,,,,,,,,,,,,,,,,,,,,,,,,,,,,,,,,,,,,,,,,,,,,1.00E-08,,,,,,,,,,,,,,,,,,,,,,,,
CGTA,,,,,,,,,,,,,,,,,,,,,,,,,,,,,,,,,,,,,,,,,,,,,,,,,,,,,,,,,,,,,,,,,,,,,,,,,,,,,,,,,,,,0.50099404,,,,,,,,,,,,,,,,,,,,,,,
TGCA,,,,,,,,,,,,,,,,,,,,,,,,,,,,,,,,,,,,,,,,,,,,,,,,,,,,,,,,,,,,,,,,,,,,,,,,,,,,,,,,,,,,1.00E-08,,,,,,,,,,,,,,,,,,,,,,,
AC,,,,,,,,,,,,,,,,,,,,,,,,,,,,,,,,,,,,,,,,,,,,,,,,,,,,,,,,,,,,,,,,,,,,,,,,,,,,,,,,,,,,,0.36083499,,,,,,,,,,,,,,,,,,,,,,
GT,,,,,,,,,,,,,,,,,,,,,,,,,,,,,,,,,,,,,,,,,,,,,,,,,,,,,,,,,,,,,,,,,,,,,,,,,,,,,,,,,,,,,0.26640159,,,,,,,,,,,,,,,,,,,,,,
ACCT,,,,,,,,,,,,,,,,,,,,,,,,,,,,,,,,,,,,,,,,,,,,,,,,,,,,,,,,,,,,,,,,,,,,,,,,,,,,,,,,,,,,,,,,,0.38667992,,,,,,,,,,,,,,,,,,
ACTT,,,,,,,,,,,,,,,,,,,,,,,,,,,,,,,,,,,,,,,,,,,,,,,,,,,,,,,,,,,,,,,,,,,,,,,,,,,,,,,,,,,,,,,,,0.2166998,,,,,,,,,,,,,,,,,,
GATT,,,,,,,,,,,,,,,,,,,,,,,,,,,,,,,,,,,,,,,,,,,,,,,,,,,,,,,,,,,,,,,,,,,,,,,,,,,,,,,,,,,,,,,,,0.17196819,,,,,,,,,,,,,,,,,,
GGAC,,,,,,,,,,,,,,,,,,,,,,,,,,,,,,,,,,,,,,,,,,,,,,,,,,,,,,,,,,,,,,,,,,,,,,,,,,,,,,,,,,,,,,,,,,,0.11928429,,,,,,,,,,,,,,,,
GGAT,,,,,,,,,,,,,,,,,,,,,,,,,,,,,,,,,,,,,,,,,,,,,,,,,,,,,,,,,,,,,,,,,,,,,,,,,,,,,,,,,,,,,,,,,,,1.00E-08,,,,,,,,,,,,,,,,
CAATG,,,,,,,,,,,,,,,,,,,,,,,,,,,,,,,,,,,,,,,,,,,,,,,,,,,,,,,,,,,,,,,,,,,,,,,,,,,,,,,,,,,,,,,,,,,,0.2306163,,,,,,,,,,,,,,,
CCAGA,,,,,,,,,,,,,,,,,,,,,,,,,,,,,,,,,,,,,,,,,,,,,,,,,,,,,,,,,,,,,,,,,,,,,,,,,,,,,,,,,,,,,,,,,,,,1.00E-08,,,,,,,,,,,,,,,
CCAGG,,,,,,,,,,,,,,,,,,,,,,,,,,,,,,,,,,,,,,,,,,,,,,,,,,,,,,,,,,,,,,,,,,,,,,,,,,,,,,,,,,,,,,,,,,,,0.09741551,,,,,,,,,,,,,,,
TCATA,,,,,,,,,,,,,,,,,,,,,,,,,,,,,,,,,,,,,,,,,,,,,,,,,,,,,,,,,,,,,,,,,,,,,,,,,,,,,,,,,,,,,,,,,,,,0.15805169,,,,,,,,,,,,,,,
TCATG,,,,,,,,,,,,,,,,,,,,,,,,,,,,,,,,,,,,,,,,,,,,,,,,,,,,,,,,,,,,,,,,,,,,,,,,,,,,,,,,,,,,,,,,,,,,0.04671968,,,,,,,,,,,,,,,
TCGTG,,,,,,,,,,,,,,,,,,,,,,,,,,,,,,,,,,,,,,,,,,,,,,,,,,,,,,,,,,,,,,,,,,,,,,,,,,,,,,,,,,,,,,,,,,,,0.46719682,,,,,,,,,,,,,,,
GAAG,,,,,,,,,,,,,,,,,,,,,,,,,,,,,,,,,,,,,,,,,,,,,,,,,,,,,,,,,,,,,,,,,,,,,,,,,,,,,,,,,,,,,,,,,,,,,,,0.29522863,,,,,,,,,0.10437376,,,
TAAG,,,,,,,,,,,,,,,,,,,,,,,,,,,,,,,,,,,,,,,,,,,,,,,,,,,,,,,,,,,,,,,,,,,,,,,,,,,,,,,,,,,,,,,,,,,,,,,1.00E-08,,,,,,,,,,,,
TGAT,,,,,,,,,,,,,,,,,,,,,,,,,,,,,,,,,,,,,,,,,,,,,,,,,,,,,,,,,,,,,,,,,,,,,,,,,,,,,,,,,,,,,,,,,,,,,,,0.24950298,,,,,,,,,,,,
TGGT,,,,,,,,,,,,,,,,,,,,,,,,,,,,,,,,,,,,,,,,,,,,,,,,,,,,,,,,,,,,,,,,,,,,,,,,,,,,,,,,,,,,,,,,,,,,,,,1.00E-08,,,,,,,,,,,,
AACTG,,,,,,,,,,,,,,,,,,,,,,,,,,,,,,,,,,,,,,,,,,,,,,,,,,,,,,,,,,,,,,,,,,,,,,,,,,,,,,,,,,,,,,,,,,,,,,,,,0.37475149,,,,,,,,,,
AGCCG,,,,,,,,,,,,,,,,,,,,,,,,,,,,,,,,,,,,,,,,,,,,,,,,,,,,,,,,,,,,,,,,,,,,,,,,,,,,,,,,,,,,,,,,,,,,,,,,,1.00E-08,,,,,,,,,,
AGCTG,,,,,,,,,,,,,,,,,,,,,,,,,,,,,,,,,,,,,,,,,,,,,,,,,,,,,,,,,,,,,,,,,,,,,,,,,,,,,,,,,,,,,,,,,,,,,,,,,0.00397614,,,,,,,,,,
AGTCG,,,,,,,,,,,,,,,,,,,,,,,,,,,,,,,,,,,,,,,,,,,,,,,,,,,,,,,,,,,,,,,,,,,,,,,,,,,,,,,,,,,,,,,,,,,,,,,,,0.16202783,,,,,,,,,,
AGTCT,,,,,,,,,,,,,,,,,,,,,,,,,,,,,,,,,,,,,,,,,,,,,,,,,,,,,,,,,,,,,,,,,,,,,,,,,,,,,,,,,,,,,,,,,,,,,,,,,0.11729622,,,,,,,,,,
AGTTG,,,,,,,,,,,,,,,,,,,,,,,,,,,,,,,,,,,,,,,,,,,,,,,,,,,,,,,,,,,,,,,,,,,,,,,,,,,,,,,,,,,,,,,,,,,,,,,,,1.00E-08,,,,,,,,,,
GGTTG,,,,,,,,,,,,,,,,,,,,,,,,,,,,,,,,,,,,,,,,,,,,,,,,,,,,,,,,,,,,,,,,,,,,,,,,,,,,,,,,,,,,,,,,,,,,,,,,,0.34095427,,,,,,,,,,
CATC,,,,,,,,,,,,,,,,,,,,,,,,,,,,,,,,,,,,,,,,,,,,,,,,,,,,,,,,,,,,,,,,,,,,,,,,,,,,,,,,,,,,,,,,,,,,,,,,,,,,1.00E-08,,,,,,,
TACC,,,,,,,,,,,,,,,,,,,,,,,,,,,,,,,,,,,,,,,,,,,,,,,,,,,,,,,,,,,,,,,,,,,,,,,,,,,,,,,,,,,,,,,,,,,,,,,,,,,,1.00E-08,,,,,,,
TACT,,,,,,,,,,,,,,,,,,,,,,,,,,,,,,,,,,,,,,,,,,,,,,,,,,,,,,,,,,,,,,,,,,,,,,,,,,,,,,,,,,,,,,,,,,,,,,,,,,,,0.18190855,,,,,,,
TATT,,,,,,,,,,,,,,,,,,,,,,,,,,,,,,,,,,,,,,,,,,,,,,,,,,,,,,,,,,,,,,,,,,,,,,,,,,,,,,,,,,,,,,,,,,,,,,,,,,,,0.29125249,,,,,,,
TCAT,,,,,,,,,,,,,,,,,,,,,,,,,,,,,,,,,,,,,,,,,,,,,,,,,,,,,,,,,,,,,,,,,,,,,,,,,,,,,,,,,,,,,,,,,,,,,,,,,,,,,,,0.00099404,,,,
CAGG,,,,,,,,,,,,,,,,,,,,,,,,,,,,,,,,,,,,,,,,,,,,,,,,,,,,,,,,,,,,,,,,,,,,,,,,,,,,,,,,,,,,,,,,,,,,,,,,,,,,,,,,0.24850895,,,
GAGA,,,,,,,,,,,,,,,,,,,,,,,,,,,,,,,,,,,,,,,,,,,,,,,,,,,,,,,,,,,,,,,,,,,,,,,,,,,,,,,,,,,,,,,,,,,,,,,,,,,,,,,,0.37176938,,,
GAGG,,,,,,,,,,,,,,,,,,,,,,,,,,,,,,,,,,,,,,,,,,,,,,,,,,,,,,,,,,,,,,,,,,,,,,,,,,,,,,,,,,,,,,,,,,,,,,,,,,,,,,,,0.00397614,,,
ACTA,,,,,,,,,,,,,,,,,,,,,,,,,,,,,,,,,,,,,,,,,,,,,,,,,,,,,,,,,,,,,,,,,,,,,,,,,,,,,,,,,,,,,,,,,,,,,,,,,,,,,,,,,,0.27037773,
TCGG,,,,,,,,,,,,,,,,,,,,,,,,,,,,,,,,,,,,,,,,,,,,,,,,,,,,,,,,,,,,,,,,,,,,,,,,,,,,,,,,,,,,,,,,,,,,,,,,,,,,,,,,,,0.28528827,
AATAT,,,,,,,,,,,,,,,,,,,,,,,,,,,,,,,,,,,,,,,,,,,,,,,,,,,,,,,,,,,,,,,,,,,,,,,,,,,,,,,,,,,,,,,,,,,,,,,,,,,,,,,,,,,0.37077535
AATGC,,,,,,,,,,,,,,,,,,,,,,,,,,,,,,,,,,,,,,,,,,,,,,,,,,,,,,,,,,,,,,,,,,,,,,,,,,,,,,,,,,,,,,,,,,,,,,,,,,,,,,,,,,,1.00E-08
AATGT,,,,,,,,,,,,,,,,,,,,,,,,,,,,,,,,,,,,,,,,,,,,,,,,,,,,,,,,,,,,,,,,,,,,,,,,,,,,,,,,,,,,,,,,,,,,,,,,,,,,,,,,,,,0.00198807
AGCAT,,,,,,,,,,,,,,,,,,,,,,,,,,,,,,,,,,,,,,,,,,,,,,,,,,,,,,,,,,,,,,,,,,,,,,,,,,,,,,,,,,,,,,,,,,,,,,,,,,,,,,,,,,,0.18489066
AGCGT,,,,,,,,,,,,,,,,,,,,,,,,,,,,,,,,,,,,,,,,,,,,,,,,,,,,,,,,,,,,,,,,,,,,,,,,,,,,,,,,,,,,,,,,,,,,,,,,,,,,,,,,,,,0.00099404
AGTAT,,,,,,,,,,,,,,,,,,,,,,,,,,,,,,,,,,,,,,,,,,,,,,,,,,,,,,,,,,,,,,,,,,,,,,,,,,,,,,,,,,,,,,,,,,,,,,,,,,,,,,,,,,,1.00E-08
GGCAT,,,,,,,,,,,,,,,,,,,,,,,,,,,,,,,,,,,,,,,,,,,,,,,,,,,,,,,,,,,,,,,,,,,,,,,,,,,,,,,,,,,,,,,,,,,,,,,,,,,,,,,,,,,0.21371769
GGCGT,,,,,,,,,,,,,,,,,,,,,,,,,,,,,,,,,,,,,,,,,,,,,,,,,,,,,,,,,,,,,,,,,,,,,,,,,,,,,,,,,,,,,,,,,,,,,,,,,,,,,,,,,,,0.11829026
